roll_no,subject,marks,exam_type,exam_date
BCA1001,Python Programming,61,Internal,2026-02-05
BCA1001,Python Programming,72,Practical,2026-02-15
BCA1001,Python Programming,74,External,2026-03-10
BCA1001,DBMS,61,Internal,2026-02-05
BCA1001,DBMS,51,Practical,2026-02-15
BCA1001,DBMS,77,External,2026-03-10
BCA1001,Data Structures,60,Internal,2026-02-05
BCA1001,Data Structures,72,Practical,2026-02-15
BCA1001,Data Structures,70,External,2026-03-10
BCA1001,Web Technology,73,Internal,2026-02-05
BCA1001,Web Technology,53,Practical,2026-02-15
BCA1001,Web Technology,74,External,2026-03-10
BCA1001,Operating Systems,53,Internal,2026-02-05
BCA1001,Operating Systems,63,Practical,2026-02-15
BCA1001,Operating Systems,71,External,2026-03-10
BCA1001,Mathematics,72,Internal,2026-02-05
BCA1001,Mathematics,75,Practical,2026-02-15
BCA1001,Mathematics,66,External,2026-03-10
BCA1002,Python Programming,95,Internal,2026-02-05
BCA1002,Python Programming,85,Practical,2026-02-15
BCA1002,Python Programming,85,External,2026-03-10
BCA1002,DBMS,94,Internal,2026-02-05
BCA1002,DBMS,88,Practical,2026-02-15
BCA1002,DBMS,92,External,2026-03-10
BCA1002,Data Structures,85,Internal,2026-02-05
BCA1002,Data Structures,85,Practical,2026-02-15
BCA1002,Data Structures,94,External,2026-03-10
BCA1002,Web Technology,87,Internal,2026-02-05
BCA1002,Web Technology,86,Practical,2026-02-15
BCA1002,Web Technology,95,External,2026-03-10
BCA1002,Operating Systems,90,Internal,2026-02-05
BCA1002,Operating Systems,87,Practical,2026-02-15
BCA1002,Operating Systems,87,External,2026-03-10
BCA1002,Mathematics,86,Internal,2026-02-05
BCA1002,Mathematics,86,Practical,2026-02-15
BCA1002,Mathematics,95,External,2026-03-10
BCA1003,Python Programming,64,Internal,2026-02-05
BCA1003,Python Programming,78,Practical,2026-02-15
BCA1003,Python Programming,61,External,2026-03-10
BCA1003,DBMS,73,Internal,2026-02-05
BCA1003,DBMS,63,Practical,2026-02-15
BCA1003,DBMS,53,External,2026-03-10
BCA1003,Data Structures,55,Internal,2026-02-05
BCA1003,Data Structures,52,Practical,2026-02-15
BCA1003,Data Structures,53,External,2026-03-10
BCA1003,Web Technology,67,Internal,2026-02-05
BCA1003,Web Technology,78,Practical,2026-02-15
BCA1003,Web Technology,54,External,2026-03-10
BCA1003,Operating Systems,63,Internal,2026-02-05
BCA1003,Operating Systems,74,Practical,2026-02-15
BCA1003,Operating Systems,78,External,2026-03-10
BCA1003,Mathematics,63,Internal,2026-02-05
BCA1003,Mathematics,64,Practical,2026-02-15
BCA1003,Mathematics,75,External,2026-03-10
BCA1004,Python Programming,77,Internal,2026-02-05
BCA1004,Python Programming,57,Practical,2026-02-15
BCA1004,Python Programming,69,External,2026-03-10
BCA1004,DBMS,64,Internal,2026-02-05
BCA1004,DBMS,51,Practical,2026-02-15
BCA1004,DBMS,63,External,2026-03-10
BCA1004,Data Structures,53,Internal,2026-02-05
BCA1004,Data Structures,75,Practical,2026-02-15
BCA1004,Data Structures,60,External,2026-03-10
BCA1004,Web Technology,71,Internal,2026-02-05
BCA1004,Web Technology,58,Practical,2026-02-15
BCA1004,Web Technology,56,External,2026-03-10
BCA1004,Operating Systems,76,Internal,2026-02-05
BCA1004,Operating Systems,71,Practical,2026-02-15
BCA1004,Operating Systems,55,External,2026-03-10
BCA1004,Mathematics,61,Internal,2026-02-05
BCA1004,Mathematics,51,Practical,2026-02-15
BCA1004,Mathematics,79,External,2026-03-10
BCA1005,Python Programming,63,Internal,2026-02-05
BCA1005,Python Programming,69,Practical,2026-02-15
BCA1005,Python Programming,68,External,2026-03-10
BCA1005,DBMS,50,Internal,2026-02-05
BCA1005,DBMS,76,Practical,2026-02-15
BCA1005,DBMS,56,External,2026-03-10
BCA1005,Data Structures,75,Internal,2026-02-05
BCA1005,Data Structures,70,Practical,2026-02-15
BCA1005,Data Structures,61,External,2026-03-10
BCA1005,Web Technology,50,Internal,2026-02-05
BCA1005,Web Technology,80,Practical,2026-02-15
BCA1005,Web Technology,54,External,2026-03-10
BCA1005,Operating Systems,55,Internal,2026-02-05
BCA1005,Operating Systems,77,Practical,2026-02-15
BCA1005,Operating Systems,79,External,2026-03-10
BCA1005,Mathematics,51,Internal,2026-02-05
BCA1005,Mathematics,52,Practical,2026-02-15
BCA1005,Mathematics,77,External,2026-03-10
BCA1006,Python Programming,31,Internal,2026-02-05
BCA1006,Python Programming,31,Practical,2026-02-15
BCA1006,Python Programming,23,External,2026-03-10
BCA1006,DBMS,38,Internal,2026-02-05
BCA1006,DBMS,26,Practical,2026-02-15
BCA1006,DBMS,38,External,2026-03-10
BCA1006,Data Structures,38,Internal,2026-02-05
BCA1006,Data Structures,34,Practical,2026-02-15
BCA1006,Data Structures,26,External,2026-03-10
BCA1006,Web Technology,39,Internal,2026-02-05
BCA1006,Web Technology,33,Practical,2026-02-15
BCA1006,Web Technology,21,External,2026-03-10
BCA1006,Operating Systems,35,Internal,2026-02-05
BCA1006,Operating Systems,31,Practical,2026-02-15
BCA1006,Operating Systems,23,External,2026-03-10
BCA1006,Mathematics,35,Internal,2026-02-05
BCA1006,Mathematics,31,Practical,2026-02-15
BCA1006,Mathematics,39,External,2026-03-10
BCA1007,Python Programming,80,Internal,2026-02-05
BCA1007,Python Programming,60,Practical,2026-02-15
BCA1007,Python Programming,62,External,2026-03-10
BCA1007,DBMS,78,Internal,2026-02-05
BCA1007,DBMS,53,Practical,2026-02-15
BCA1007,DBMS,52,External,2026-03-10
BCA1007,Data Structures,80,Internal,2026-02-05
BCA1007,Data Structures,80,Practical,2026-02-15
BCA1007,Data Structures,71,External,2026-03-10
BCA1007,Web Technology,78,Internal,2026-02-05
BCA1007,Web Technology,64,Practical,2026-02-15
BCA1007,Web Technology,52,External,2026-03-10
BCA1007,Operating Systems,80,Internal,2026-02-05
BCA1007,Operating Systems,70,Practical,2026-02-15
BCA1007,Operating Systems,78,External,2026-03-10
BCA1007,Mathematics,58,Internal,2026-02-05
BCA1007,Mathematics,78,Practical,2026-02-15
BCA1007,Mathematics,54,External,2026-03-10
BCA1008,Python Programming,91,Internal,2026-02-05
BCA1008,Python Programming,95,Practical,2026-02-15
BCA1008,Python Programming,91,External,2026-03-10
BCA1008,DBMS,91,Internal,2026-02-05
BCA1008,DBMS,88,Practical,2026-02-15
BCA1008,DBMS,86,External,2026-03-10
BCA1008,Data Structures,88,Internal,2026-02-05
BCA1008,Data Structures,90,Practical,2026-02-15
BCA1008,Data Structures,92,External,2026-03-10
BCA1008,Web Technology,85,Internal,2026-02-05
BCA1008,Web Technology,88,Practical,2026-02-15
BCA1008,Web Technology,88,External,2026-03-10
BCA1008,Operating Systems,95,Internal,2026-02-05
BCA1008,Operating Systems,88,Practical,2026-02-15
BCA1008,Operating Systems,85,External,2026-03-10
BCA1008,Mathematics,92,Internal,2026-02-05
BCA1008,Mathematics,87,Practical,2026-02-15
BCA1008,Mathematics,91,External,2026-03-10
BCA1009,Python Programming,24,Internal,2026-02-05
BCA1009,Python Programming,20,Practical,2026-02-15
BCA1009,Python Programming,23,External,2026-03-10
BCA1009,DBMS,29,Internal,2026-02-05
BCA1009,DBMS,25,Practical,2026-02-15
BCA1009,DBMS,35,External,2026-03-10
BCA1009,Data Structures,31,Internal,2026-02-05
BCA1009,Data Structures,39,Practical,2026-02-15
BCA1009,Data Structures,26,External,2026-03-10
BCA1009,Web Technology,31,Internal,2026-02-05
BCA1009,Web Technology,26,Practical,2026-02-15
BCA1009,Web Technology,21,External,2026-03-10
BCA1009,Operating Systems,33,Internal,2026-02-05
BCA1009,Operating Systems,23,Practical,2026-02-15
BCA1009,Operating Systems,38,External,2026-03-10
BCA1009,Mathematics,29,Internal,2026-02-05
BCA1009,Mathematics,29,Practical,2026-02-15
BCA1009,Mathematics,32,External,2026-03-10
BCA1010,Python Programming,66,Internal,2026-02-05
BCA1010,Python Programming,58,Practical,2026-02-15
BCA1010,Python Programming,55,External,2026-03-10
BCA1010,DBMS,62,Internal,2026-02-05
BCA1010,DBMS,76,Practical,2026-02-15
BCA1010,DBMS,71,External,2026-03-10
BCA1010,Data Structures,73,Internal,2026-02-05
BCA1010,Data Structures,80,Practical,2026-02-15
BCA1010,Data Structures,76,External,2026-03-10
BCA1010,Web Technology,52,Internal,2026-02-05
BCA1010,Web Technology,67,Practical,2026-02-15
BCA1010,Web Technology,58,External,2026-03-10
BCA1010,Operating Systems,61,Internal,2026-02-05
BCA1010,Operating Systems,67,Practical,2026-02-15
BCA1010,Operating Systems,65,External,2026-03-10
BCA1010,Mathematics,66,Internal,2026-02-05
BCA1010,Mathematics,63,Practical,2026-02-15
BCA1010,Mathematics,57,External,2026-03-10
BCA1011,Python Programming,21,Internal,2026-02-05
BCA1011,Python Programming,39,Practical,2026-02-15
BCA1011,Python Programming,20,External,2026-03-10
BCA1011,DBMS,32,Internal,2026-02-05
BCA1011,DBMS,37,Practical,2026-02-15
BCA1011,DBMS,21,External,2026-03-10
BCA1011,Data Structures,35,Internal,2026-02-05
BCA1011,Data Structures,36,Practical,2026-02-15
BCA1011,Data Structures,26,External,2026-03-10
BCA1011,Web Technology,28,Internal,2026-02-05
BCA1011,Web Technology,24,Practical,2026-02-15
BCA1011,Web Technology,29,External,2026-03-10
BCA1011,Operating Systems,40,Internal,2026-02-05
BCA1011,Operating Systems,21,Practical,2026-02-15
BCA1011,Operating Systems,21,External,2026-03-10
BCA1011,Mathematics,39,Internal,2026-02-05
BCA1011,Mathematics,31,Practical,2026-02-15
BCA1011,Mathematics,40,External,2026-03-10
BCA1012,Python Programming,60,Internal,2026-02-05
BCA1012,Python Programming,75,Practical,2026-02-15
BCA1012,Python Programming,79,External,2026-03-10
BCA1012,DBMS,50,Internal,2026-02-05
BCA1012,DBMS,58,Practical,2026-02-15
BCA1012,DBMS,64,External,2026-03-10
BCA1012,Data Structures,69,Internal,2026-02-05
BCA1012,Data Structures,71,Practical,2026-02-15
BCA1012,Data Structures,51,External,2026-03-10
BCA1012,Web Technology,67,Internal,2026-02-05
BCA1012,Web Technology,54,Practical,2026-02-15
BCA1012,Web Technology,62,External,2026-03-10
BCA1012,Operating Systems,50,Internal,2026-02-05
BCA1012,Operating Systems,77,Practical,2026-02-15
BCA1012,Operating Systems,74,External,2026-03-10
BCA1012,Mathematics,69,Internal,2026-02-05
BCA1012,Mathematics,53,Practical,2026-02-15
BCA1012,Mathematics,68,External,2026-03-10
BCA1013,Python Programming,91,Internal,2026-02-05
BCA1013,Python Programming,90,Practical,2026-02-15
BCA1013,Python Programming,86,External,2026-03-10
BCA1013,DBMS,89,Internal,2026-02-05
BCA1013,DBMS,91,Practical,2026-02-15
BCA1013,DBMS,93,External,2026-03-10
BCA1013,Data Structures,94,Internal,2026-02-05
BCA1013,Data Structures,95,Practical,2026-02-15
BCA1013,Data Structures,85,External,2026-03-10
BCA1013,Web Technology,93,Internal,2026-02-05
BCA1013,Web Technology,85,Practical,2026-02-15
BCA1013,Web Technology,86,External,2026-03-10
BCA1013,Operating Systems,85,Internal,2026-02-05
BCA1013,Operating Systems,85,Practical,2026-02-15
BCA1013,Operating Systems,92,External,2026-03-10
BCA1013,Mathematics,95,Internal,2026-02-05
BCA1013,Mathematics,91,Practical,2026-02-15
BCA1013,Mathematics,87,External,2026-03-10
BCA1014,Python Programming,68,Internal,2026-02-05
BCA1014,Python Programming,52,Practical,2026-02-15
BCA1014,Python Programming,55,External,2026-03-10
BCA1014,DBMS,56,Internal,2026-02-05
BCA1014,DBMS,60,Practical,2026-02-15
BCA1014,DBMS,68,External,2026-03-10
BCA1014,Data Structures,77,Internal,2026-02-05
BCA1014,Data Structures,61,Practical,2026-02-15
BCA1014,Data Structures,57,External,2026-03-10
BCA1014,Web Technology,66,Internal,2026-02-05
BCA1014,Web Technology,68,Practical,2026-02-15
BCA1014,Web Technology,75,External,2026-03-10
BCA1014,Operating Systems,54,Internal,2026-02-05
BCA1014,Operating Systems,72,Practical,2026-02-15
BCA1014,Operating Systems,61,External,2026-03-10
BCA1014,Mathematics,58,Internal,2026-02-05
BCA1014,Mathematics,56,Practical,2026-02-15
BCA1014,Mathematics,66,External,2026-03-10
BCA1015,Python Programming,36,Internal,2026-02-05
BCA1015,Python Programming,40,Practical,2026-02-15
BCA1015,Python Programming,20,External,2026-03-10
BCA1015,DBMS,23,Internal,2026-02-05
BCA1015,DBMS,23,Practical,2026-02-15
BCA1015,DBMS,28,External,2026-03-10
BCA1015,Data Structures,26,Internal,2026-02-05
BCA1015,Data Structures,36,Practical,2026-02-15
BCA1015,Data Structures,36,External,2026-03-10
BCA1015,Web Technology,28,Internal,2026-02-05
BCA1015,Web Technology,20,Practical,2026-02-15
BCA1015,Web Technology,37,External,2026-03-10
BCA1015,Operating Systems,28,Internal,2026-02-05
BCA1015,Operating Systems,33,Practical,2026-02-15
BCA1015,Operating Systems,22,External,2026-03-10
BCA1015,Mathematics,35,Internal,2026-02-05
BCA1015,Mathematics,31,Practical,2026-02-15
BCA1015,Mathematics,37,External,2026-03-10
BCA2001,Python Programming,59,Internal,2026-02-05
BCA2001,Python Programming,52,Practical,2026-02-15
BCA2001,Python Programming,51,External,2026-03-10
BCA2001,DBMS,69,Internal,2026-02-05
BCA2001,DBMS,73,Practical,2026-02-15
BCA2001,DBMS,61,External,2026-03-10
BCA2001,Data Structures,65,Internal,2026-02-05
BCA2001,Data Structures,59,Practical,2026-02-15
BCA2001,Data Structures,52,External,2026-03-10
BCA2001,Web Technology,78,Internal,2026-02-05
BCA2001,Web Technology,79,Practical,2026-02-15
BCA2001,Web Technology,74,External,2026-03-10
BCA2001,Operating Systems,76,Internal,2026-02-05
BCA2001,Operating Systems,57,Practical,2026-02-15
BCA2001,Operating Systems,71,External,2026-03-10
BCA2001,Mathematics,77,Internal,2026-02-05
BCA2001,Mathematics,77,Practical,2026-02-15
BCA2001,Mathematics,73,External,2026-03-10
BCA2002,Python Programming,78,Internal,2026-02-05
BCA2002,Python Programming,69,Practical,2026-02-15
BCA2002,Python Programming,55,External,2026-03-10
BCA2002,DBMS,75,Internal,2026-02-05
BCA2002,DBMS,75,Practical,2026-02-15
BCA2002,DBMS,54,External,2026-03-10
BCA2002,Data Structures,74,Internal,2026-02-05
BCA2002,Data Structures,50,Practical,2026-02-15
BCA2002,Data Structures,73,External,2026-03-10
BCA2002,Web Technology,65,Internal,2026-02-05
BCA2002,Web Technology,78,Practical,2026-02-15
BCA2002,Web Technology,59,External,2026-03-10
BCA2002,Operating Systems,71,Internal,2026-02-05
BCA2002,Operating Systems,62,Practical,2026-02-15
BCA2002,Operating Systems,70,External,2026-03-10
BCA2002,Mathematics,56,Internal,2026-02-05
BCA2002,Mathematics,70,Practical,2026-02-15
BCA2002,Mathematics,70,External,2026-03-10
BCA2003,Python Programming,23,Internal,2026-02-05
BCA2003,Python Programming,39,Practical,2026-02-15
BCA2003,Python Programming,33,External,2026-03-10
BCA2003,DBMS,38,Internal,2026-02-05
BCA2003,DBMS,25,Practical,2026-02-15
BCA2003,DBMS,35,External,2026-03-10
BCA2003,Data Structures,30,Internal,2026-02-05
BCA2003,Data Structures,27,Practical,2026-02-15
BCA2003,Data Structures,25,External,2026-03-10
BCA2003,Web Technology,23,Internal,2026-02-05
BCA2003,Web Technology,39,Practical,2026-02-15
BCA2003,Web Technology,23,External,2026-03-10
BCA2003,Operating Systems,29,Internal,2026-02-05
BCA2003,Operating Systems,22,Practical,2026-02-15
BCA2003,Operating Systems,40,External,2026-03-10
BCA2003,Mathematics,37,Internal,2026-02-05
BCA2003,Mathematics,31,Practical,2026-02-15
BCA2003,Mathematics,23,External,2026-03-10
BCA2004,Python Programming,59,Internal,2026-02-05
BCA2004,Python Programming,50,Practical,2026-02-15
BCA2004,Python Programming,77,External,2026-03-10
BCA2004,DBMS,62,Internal,2026-02-05
BCA2004,DBMS,69,Practical,2026-02-15
BCA2004,DBMS,75,External,2026-03-10
BCA2004,Data Structures,78,Internal,2026-02-05
BCA2004,Data Structures,71,Practical,2026-02-15
BCA2004,Data Structures,69,External,2026-03-10
BCA2004,Web Technology,50,Internal,2026-02-05
BCA2004,Web Technology,58,Practical,2026-02-15
BCA2004,Web Technology,75,External,2026-03-10
BCA2004,Operating Systems,52,Internal,2026-02-05
BCA2004,Operating Systems,63,Practical,2026-02-15
BCA2004,Operating Systems,54,External,2026-03-10
BCA2004,Mathematics,50,Internal,2026-02-05
BCA2004,Mathematics,56,Practical,2026-02-15
BCA2004,Mathematics,53,External,2026-03-10
BCA2005,Python Programming,77,Internal,2026-02-05
BCA2005,Python Programming,67,Practical,2026-02-15
BCA2005,Python Programming,73,External,2026-03-10
BCA2005,DBMS,67,Internal,2026-02-05
BCA2005,DBMS,75,Practical,2026-02-15
BCA2005,DBMS,66,External,2026-03-10
BCA2005,Data Structures,75,Internal,2026-02-05
BCA2005,Data Structures,74,Practical,2026-02-15
BCA2005,Data Structures,56,External,2026-03-10
BCA2005,Web Technology,73,Internal,2026-02-05
BCA2005,Web Technology,53,Practical,2026-02-15
BCA2005,Web Technology,80,External,2026-03-10
BCA2005,Operating Systems,73,Internal,2026-02-05
BCA2005,Operating Systems,67,Practical,2026-02-15
BCA2005,Operating Systems,69,External,2026-03-10
BCA2005,Mathematics,50,Internal,2026-02-05
BCA2005,Mathematics,73,Practical,2026-02-15
BCA2005,Mathematics,73,External,2026-03-10
BCA2006,Python Programming,75,Internal,2026-02-05
BCA2006,Python Programming,55,Practical,2026-02-15
BCA2006,Python Programming,55,External,2026-03-10
BCA2006,DBMS,80,Internal,2026-02-05
BCA2006,DBMS,80,Practical,2026-02-15
BCA2006,DBMS,69,External,2026-03-10
BCA2006,Data Structures,50,Internal,2026-02-05
BCA2006,Data Structures,50,Practical,2026-02-15
BCA2006,Data Structures,66,External,2026-03-10
BCA2006,Web Technology,51,Internal,2026-02-05
BCA2006,Web Technology,50,Practical,2026-02-15
BCA2006,Web Technology,50,External,2026-03-10
BCA2006,Operating Systems,70,Internal,2026-02-05
BCA2006,Operating Systems,70,Practical,2026-02-15
BCA2006,Operating Systems,59,External,2026-03-10
BCA2006,Mathematics,53,Internal,2026-02-05
BCA2006,Mathematics,64,Practical,2026-02-15
BCA2006,Mathematics,50,External,2026-03-10
BCA2007,Python Programming,59,Internal,2026-02-05
BCA2007,Python Programming,60,Practical,2026-02-15
BCA2007,Python Programming,54,External,2026-03-10
BCA2007,DBMS,73,Internal,2026-02-05
BCA2007,DBMS,51,Practical,2026-02-15
BCA2007,DBMS,58,External,2026-03-10
BCA2007,Data Structures,56,Internal,2026-02-05
BCA2007,Data Structures,55,Practical,2026-02-15
BCA2007,Data Structures,67,External,2026-03-10
BCA2007,Web Technology,63,Internal,2026-02-05
BCA2007,Web Technology,70,Practical,2026-02-15
BCA2007,Web Technology,72,External,2026-03-10
BCA2007,Operating Systems,66,Internal,2026-02-05
BCA2007,Operating Systems,65,Practical,2026-02-15
BCA2007,Operating Systems,62,External,2026-03-10
BCA2007,Mathematics,72,Internal,2026-02-05
BCA2007,Mathematics,58,Practical,2026-02-15
BCA2007,Mathematics,74,External,2026-03-10
BCA2008,Python Programming,23,Internal,2026-02-05
BCA2008,Python Programming,24,Practical,2026-02-15
BCA2008,Python Programming,40,External,2026-03-10
BCA2008,DBMS,24,Internal,2026-02-05
BCA2008,DBMS,40,Practical,2026-02-15
BCA2008,DBMS,28,External,2026-03-10
BCA2008,Data Structures,34,Internal,2026-02-05
BCA2008,Data Structures,24,Practical,2026-02-15
BCA2008,Data Structures,23,External,2026-03-10
BCA2008,Web Technology,37,Internal,2026-02-05
BCA2008,Web Technology,36,Practical,2026-02-15
BCA2008,Web Technology,31,External,2026-03-10
BCA2008,Operating Systems,30,Internal,2026-02-05
BCA2008,Operating Systems,29,Practical,2026-02-15
BCA2008,Operating Systems,37,External,2026-03-10
BCA2008,Mathematics,21,Internal,2026-02-05
BCA2008,Mathematics,28,Practical,2026-02-15
BCA2008,Mathematics,34,External,2026-03-10
BCA2009,Python Programming,95,Internal,2026-02-05
BCA2009,Python Programming,90,Practical,2026-02-15
BCA2009,Python Programming,95,External,2026-03-10
BCA2009,DBMS,88,Internal,2026-02-05
BCA2009,DBMS,94,Practical,2026-02-15
BCA2009,DBMS,89,External,2026-03-10
BCA2009,Data Structures,85,Internal,2026-02-05
BCA2009,Data Structures,85,Practical,2026-02-15
BCA2009,Data Structures,89,External,2026-03-10
BCA2009,Web Technology,93,Internal,2026-02-05
BCA2009,Web Technology,94,Practical,2026-02-15
BCA2009,Web Technology,90,External,2026-03-10
BCA2009,Operating Systems,87,Internal,2026-02-05
BCA2009,Operating Systems,90,Practical,2026-02-15
BCA2009,Operating Systems,86,External,2026-03-10
BCA2009,Mathematics,91,Internal,2026-02-05
BCA2009,Mathematics,88,Practical,2026-02-15
BCA2009,Mathematics,93,External,2026-03-10
BCA2010,Python Programming,20,Internal,2026-02-05
BCA2010,Python Programming,20,Practical,2026-02-15
BCA2010,Python Programming,35,External,2026-03-10
BCA2010,DBMS,20,Internal,2026-02-05
BCA2010,DBMS,39,Practical,2026-02-15
BCA2010,DBMS,27,External,2026-03-10
BCA2010,Data Structures,30,Internal,2026-02-05
BCA2010,Data Structures,27,Practical,2026-02-15
BCA2010,Data Structures,40,External,2026-03-10
BCA2010,Web Technology,26,Internal,2026-02-05
BCA2010,Web Technology,38,Practical,2026-02-15
BCA2010,Web Technology,20,External,2026-03-10
BCA2010,Operating Systems,24,Internal,2026-02-05
BCA2010,Operating Systems,34,Practical,2026-02-15
BCA2010,Operating Systems,39,External,2026-03-10
BCA2010,Mathematics,31,Internal,2026-02-05
BCA2010,Mathematics,36,Practical,2026-02-15
BCA2010,Mathematics,26,External,2026-03-10
BCA2011,Python Programming,59,Internal,2026-02-05
BCA2011,Python Programming,55,Practical,2026-02-15
BCA2011,Python Programming,65,External,2026-03-10
BCA2011,DBMS,70,Internal,2026-02-05
BCA2011,DBMS,55,Practical,2026-02-15
BCA2011,DBMS,74,External,2026-03-10
BCA2011,Data Structures,73,Internal,2026-02-05
BCA2011,Data Structures,55,Practical,2026-02-15
BCA2011,Data Structures,50,External,2026-03-10
BCA2011,Web Technology,55,Internal,2026-02-05
BCA2011,Web Technology,50,Practical,2026-02-15
BCA2011,Web Technology,78,External,2026-03-10
BCA2011,Operating Systems,77,Internal,2026-02-05
BCA2011,Operating Systems,66,Practical,2026-02-15
BCA2011,Operating Systems,59,External,2026-03-10
BCA2011,Mathematics,67,Internal,2026-02-05
BCA2011,Mathematics,52,Practical,2026-02-15
BCA2011,Mathematics,55,External,2026-03-10
BCA2012,Python Programming,74,Internal,2026-02-05
BCA2012,Python Programming,55,Practical,2026-02-15
BCA2012,Python Programming,60,External,2026-03-10
BCA2012,DBMS,70,Internal,2026-02-05
BCA2012,DBMS,67,Practical,2026-02-15
BCA2012,DBMS,74,External,2026-03-10
BCA2012,Data Structures,56,Internal,2026-02-05
BCA2012,Data Structures,67,Practical,2026-02-15
BCA2012,Data Structures,80,External,2026-03-10
BCA2012,Web Technology,71,Internal,2026-02-05
BCA2012,Web Technology,63,Practical,2026-02-15
BCA2012,Web Technology,54,External,2026-03-10
BCA2012,Operating Systems,58,Internal,2026-02-05
BCA2012,Operating Systems,72,Practical,2026-02-15
BCA2012,Operating Systems,80,External,2026-03-10
BCA2012,Mathematics,73,Internal,2026-02-05
BCA2012,Mathematics,58,Practical,2026-02-15
BCA2012,Mathematics,69,External,2026-03-10
BCA2013,Python Programming,90,Internal,2026-02-05
BCA2013,Python Programming,89,Practical,2026-02-15
BCA2013,Python Programming,85,External,2026-03-10
BCA2013,DBMS,92,Internal,2026-02-05
BCA2013,DBMS,86,Practical,2026-02-15
BCA2013,DBMS,93,External,2026-03-10
BCA2013,Data Structures,92,Internal,2026-02-05
BCA2013,Data Structures,87,Practical,2026-02-15
BCA2013,Data Structures,90,External,2026-03-10
BCA2013,Web Technology,86,Internal,2026-02-05
BCA2013,Web Technology,86,Practical,2026-02-15
BCA2013,Web Technology,94,External,2026-03-10
BCA2013,Operating Systems,95,Internal,2026-02-05
BCA2013,Operating Systems,86,Practical,2026-02-15
BCA2013,Operating Systems,93,External,2026-03-10
BCA2013,Mathematics,95,Internal,2026-02-05
BCA2013,Mathematics,94,Practical,2026-02-15
BCA2013,Mathematics,86,External,2026-03-10
BCA2014,Python Programming,68,Internal,2026-02-05
BCA2014,Python Programming,78,Practical,2026-02-15
BCA2014,Python Programming,61,External,2026-03-10
BCA2014,DBMS,64,Internal,2026-02-05
BCA2014,DBMS,52,Practical,2026-02-15
BCA2014,DBMS,59,External,2026-03-10
BCA2014,Data Structures,78,Internal,2026-02-05
BCA2014,Data Structures,78,Practical,2026-02-15
BCA2014,Data Structures,58,External,2026-03-10
BCA2014,Web Technology,78,Internal,2026-02-05
BCA2014,Web Technology,52,Practical,2026-02-15
BCA2014,Web Technology,71,External,2026-03-10
BCA2014,Operating Systems,74,Internal,2026-02-05
BCA2014,Operating Systems,71,Practical,2026-02-15
BCA2014,Operating Systems,80,External,2026-03-10
BCA2014,Mathematics,52,Internal,2026-02-05
BCA2014,Mathematics,76,Practical,2026-02-15
BCA2014,Mathematics,61,External,2026-03-10
BCA2015,Python Programming,52,Internal,2026-02-05
BCA2015,Python Programming,53,Practical,2026-02-15
BCA2015,Python Programming,54,External,2026-03-10
BCA2015,DBMS,69,Internal,2026-02-05
BCA2015,DBMS,70,Practical,2026-02-15
BCA2015,DBMS,60,External,2026-03-10
BCA2015,Data Structures,70,Internal,2026-02-05
BCA2015,Data Structures,61,Practical,2026-02-15
BCA2015,Data Structures,59,External,2026-03-10
BCA2015,Web Technology,65,Internal,2026-02-05
BCA2015,Web Technology,78,Practical,2026-02-15
BCA2015,Web Technology,77,External,2026-03-10
BCA2015,Operating Systems,60,Internal,2026-02-05
BCA2015,Operating Systems,69,Practical,2026-02-15
BCA2015,Operating Systems,75,External,2026-03-10
BCA2015,Mathematics,59,Internal,2026-02-05
BCA2015,Mathematics,56,Practical,2026-02-15
BCA2015,Mathematics,57,External,2026-03-10
MCA1001,Advanced Python,61,Internal,2026-02-05
MCA1001,Advanced Python,80,Practical,2026-02-15
MCA1001,Advanced Python,71,External,2026-03-10
MCA1001,DSA,75,Internal,2026-02-05
MCA1001,DSA,76,Practical,2026-02-15
MCA1001,DSA,78,External,2026-03-10
MCA1001,Cloud Computing,61,Internal,2026-02-05
MCA1001,Cloud Computing,60,Practical,2026-02-15
MCA1001,Cloud Computing,76,External,2026-03-10
MCA1001,Machine Learning,80,Internal,2026-02-05
MCA1001,Machine Learning,78,Practical,2026-02-15
MCA1001,Machine Learning,68,External,2026-03-10
MCA1001,Software Engineering,56,Internal,2026-02-05
MCA1001,Software Engineering,52,Practical,2026-02-15
MCA1001,Software Engineering,52,External,2026-03-10
MCA1001,Research Methods,50,Internal,2026-02-05
MCA1001,Research Methods,67,Practical,2026-02-15
MCA1001,Research Methods,73,External,2026-03-10
MCA1002,Advanced Python,78,Internal,2026-02-05
MCA1002,Advanced Python,66,Practical,2026-02-15
MCA1002,Advanced Python,79,External,2026-03-10
MCA1002,DSA,63,Internal,2026-02-05
MCA1002,DSA,75,Practical,2026-02-15
MCA1002,DSA,51,External,2026-03-10
MCA1002,Cloud Computing,80,Internal,2026-02-05
MCA1002,Cloud Computing,75,Practical,2026-02-15
MCA1002,Cloud Computing,66,External,2026-03-10
MCA1002,Machine Learning,66,Internal,2026-02-05
MCA1002,Machine Learning,61,Practical,2026-02-15
MCA1002,Machine Learning,74,External,2026-03-10
MCA1002,Software Engineering,65,Internal,2026-02-05
MCA1002,Software Engineering,52,Practical,2026-02-15
MCA1002,Software Engineering,53,External,2026-03-10
MCA1002,Research Methods,50,Internal,2026-02-05
MCA1002,Research Methods,52,Practical,2026-02-15
MCA1002,Research Methods,79,External,2026-03-10
MCA1003,Advanced Python,59,Internal,2026-02-05
MCA1003,Advanced Python,71,Practical,2026-02-15
MCA1003,Advanced Python,80,External,2026-03-10
MCA1003,DSA,61,Internal,2026-02-05
MCA1003,DSA,59,Practical,2026-02-15
MCA1003,DSA,58,External,2026-03-10
MCA1003,Cloud Computing,70,Internal,2026-02-05
MCA1003,Cloud Computing,67,Practical,2026-02-15
MCA1003,Cloud Computing,57,External,2026-03-10
MCA1003,Machine Learning,77,Internal,2026-02-05
MCA1003,Machine Learning,58,Practical,2026-02-15
MCA1003,Machine Learning,62,External,2026-03-10
MCA1003,Software Engineering,55,Internal,2026-02-05
MCA1003,Software Engineering,73,Practical,2026-02-15
MCA1003,Software Engineering,65,External,2026-03-10
MCA1003,Research Methods,62,Internal,2026-02-05
MCA1003,Research Methods,73,Practical,2026-02-15
MCA1003,Research Methods,70,External,2026-03-10
MCA1004,Advanced Python,68,Internal,2026-02-05
MCA1004,Advanced Python,57,Practical,2026-02-15
MCA1004,Advanced Python,76,External,2026-03-10
MCA1004,DSA,77,Internal,2026-02-05
MCA1004,DSA,76,Practical,2026-02-15
MCA1004,DSA,62,External,2026-03-10
MCA1004,Cloud Computing,51,Internal,2026-02-05
MCA1004,Cloud Computing,61,Practical,2026-02-15
MCA1004,Cloud Computing,54,External,2026-03-10
MCA1004,Machine Learning,57,Internal,2026-02-05
MCA1004,Machine Learning,72,Practical,2026-02-15
MCA1004,Machine Learning,58,External,2026-03-10
MCA1004,Software Engineering,56,Internal,2026-02-05
MCA1004,Software Engineering,53,Practical,2026-02-15
MCA1004,Software Engineering,54,External,2026-03-10
MCA1004,Research Methods,64,Internal,2026-02-05
MCA1004,Research Methods,70,Practical,2026-02-15
MCA1004,Research Methods,77,External,2026-03-10
MCA1005,Advanced Python,20,Internal,2026-02-05
MCA1005,Advanced Python,28,Practical,2026-02-15
MCA1005,Advanced Python,37,External,2026-03-10
MCA1005,DSA,35,Internal,2026-02-05
MCA1005,DSA,34,Practical,2026-02-15
MCA1005,DSA,20,External,2026-03-10
MCA1005,Cloud Computing,21,Internal,2026-02-05
MCA1005,Cloud Computing,34,Practical,2026-02-15
MCA1005,Cloud Computing,39,External,2026-03-10
MCA1005,Machine Learning,24,Internal,2026-02-05
MCA1005,Machine Learning,40,Practical,2026-02-15
MCA1005,Machine Learning,34,External,2026-03-10
MCA1005,Software Engineering,28,Internal,2026-02-05
MCA1005,Software Engineering,20,Practical,2026-02-15
MCA1005,Software Engineering,39,External,2026-03-10
MCA1005,Research Methods,28,Internal,2026-02-05
MCA1005,Research Methods,20,Practical,2026-02-15
MCA1005,Research Methods,34,External,2026-03-10
MCA1006,Advanced Python,80,Internal,2026-02-05
MCA1006,Advanced Python,75,Practical,2026-02-15
MCA1006,Advanced Python,74,External,2026-03-10
MCA1006,DSA,65,Internal,2026-02-05
MCA1006,DSA,66,Practical,2026-02-15
MCA1006,DSA,51,External,2026-03-10
MCA1006,Cloud Computing,73,Internal,2026-02-05
MCA1006,Cloud Computing,65,Practical,2026-02-15
MCA1006,Cloud Computing,65,External,2026-03-10
MCA1006,Machine Learning,59,Internal,2026-02-05
MCA1006,Machine Learning,72,Practical,2026-02-15
MCA1006,Machine Learning,65,External,2026-03-10
MCA1006,Software Engineering,56,Internal,2026-02-05
MCA1006,Software Engineering,75,Practical,2026-02-15
MCA1006,Software Engineering,80,External,2026-03-10
MCA1006,Research Methods,66,Internal,2026-02-05
MCA1006,Research Methods,57,Practical,2026-02-15
MCA1006,Research Methods,63,External,2026-03-10
MCA1007,Advanced Python,32,Internal,2026-02-05
MCA1007,Advanced Python,22,Practical,2026-02-15
MCA1007,Advanced Python,36,External,2026-03-10
MCA1007,DSA,26,Internal,2026-02-05
MCA1007,DSA,24,Practical,2026-02-15
MCA1007,DSA,24,External,2026-03-10
MCA1007,Cloud Computing,37,Internal,2026-02-05
MCA1007,Cloud Computing,31,Practical,2026-02-15
MCA1007,Cloud Computing,39,External,2026-03-10
MCA1007,Machine Learning,22,Internal,2026-02-05
MCA1007,Machine Learning,23,Practical,2026-02-15
MCA1007,Machine Learning,26,External,2026-03-10
MCA1007,Software Engineering,30,Internal,2026-02-05
MCA1007,Software Engineering,40,Practical,2026-02-15
MCA1007,Software Engineering,26,External,2026-03-10
MCA1007,Research Methods,33,Internal,2026-02-05
MCA1007,Research Methods,22,Practical,2026-02-15
MCA1007,Research Methods,32,External,2026-03-10
MCA1008,Advanced Python,32,Internal,2026-02-05
MCA1008,Advanced Python,20,Practical,2026-02-15
MCA1008,Advanced Python,38,External,2026-03-10
MCA1008,DSA,35,Internal,2026-02-05
MCA1008,DSA,22,Practical,2026-02-15
MCA1008,DSA,28,External,2026-03-10
MCA1008,Cloud Computing,31,Internal,2026-02-05
MCA1008,Cloud Computing,21,Practical,2026-02-15
MCA1008,Cloud Computing,21,External,2026-03-10
MCA1008,Machine Learning,25,Internal,2026-02-05
MCA1008,Machine Learning,32,Practical,2026-02-15
MCA1008,Machine Learning,23,External,2026-03-10
MCA1008,Software Engineering,24,Internal,2026-02-05
MCA1008,Software Engineering,20,Practical,2026-02-15
MCA1008,Software Engineering,25,External,2026-03-10
MCA1008,Research Methods,21,Internal,2026-02-05
MCA1008,Research Methods,22,Practical,2026-02-15
MCA1008,Research Methods,26,External,2026-03-10
MCA1009,Advanced Python,64,Internal,2026-02-05
MCA1009,Advanced Python,73,Practical,2026-02-15
MCA1009,Advanced Python,55,External,2026-03-10
MCA1009,DSA,57,Internal,2026-02-05
MCA1009,DSA,54,Practical,2026-02-15
MCA1009,DSA,65,External,2026-03-10
MCA1009,Cloud Computing,66,Internal,2026-02-05
MCA1009,Cloud Computing,52,Practical,2026-02-15
MCA1009,Cloud Computing,67,External,2026-03-10
MCA1009,Machine Learning,51,Internal,2026-02-05
MCA1009,Machine Learning,54,Practical,2026-02-15
MCA1009,Machine Learning,63,External,2026-03-10
MCA1009,Software Engineering,57,Internal,2026-02-05
MCA1009,Software Engineering,56,Practical,2026-02-15
MCA1009,Software Engineering,55,External,2026-03-10
MCA1009,Research Methods,60,Internal,2026-02-05
MCA1009,Research Methods,79,Practical,2026-02-15
MCA1009,Research Methods,78,External,2026-03-10
MCA1010,Advanced Python,91,Internal,2026-02-05
MCA1010,Advanced Python,91,Practical,2026-02-15
MCA1010,Advanced Python,87,External,2026-03-10
MCA1010,DSA,93,Internal,2026-02-05
MCA1010,DSA,93,Practical,2026-02-15
MCA1010,DSA,92,External,2026-03-10
MCA1010,Cloud Computing,94,Internal,2026-02-05
MCA1010,Cloud Computing,92,Practical,2026-02-15
MCA1010,Cloud Computing,95,External,2026-03-10
MCA1010,Machine Learning,90,Internal,2026-02-05
MCA1010,Machine Learning,92,Practical,2026-02-15
MCA1010,Machine Learning,95,External,2026-03-10
MCA1010,Software Engineering,90,Internal,2026-02-05
MCA1010,Software Engineering,92,Practical,2026-02-15
MCA1010,Software Engineering,85,External,2026-03-10
MCA1010,Research Methods,93,Internal,2026-02-05
MCA1010,Research Methods,88,Practical,2026-02-15
MCA1010,Research Methods,93,External,2026-03-10
MCA1011,Advanced Python,30,Internal,2026-02-05
MCA1011,Advanced Python,22,Practical,2026-02-15
MCA1011,Advanced Python,21,External,2026-03-10
MCA1011,DSA,28,Internal,2026-02-05
MCA1011,DSA,26,Practical,2026-02-15
MCA1011,DSA,36,External,2026-03-10
MCA1011,Cloud Computing,23,Internal,2026-02-05
MCA1011,Cloud Computing,22,Practical,2026-02-15
MCA1011,Cloud Computing,28,External,2026-03-10
MCA1011,Machine Learning,32,Internal,2026-02-05
MCA1011,Machine Learning,22,Practical,2026-02-15
MCA1011,Machine Learning,24,External,2026-03-10
MCA1011,Software Engineering,27,Internal,2026-02-05
MCA1011,Software Engineering,25,Practical,2026-02-15
MCA1011,Software Engineering,25,External,2026-03-10
MCA1011,Research Methods,37,Internal,2026-02-05
MCA1011,Research Methods,36,Practical,2026-02-15
MCA1011,Research Methods,32,External,2026-03-10
MCA1012,Advanced Python,80,Internal,2026-02-05
MCA1012,Advanced Python,58,Practical,2026-02-15
MCA1012,Advanced Python,66,External,2026-03-10
MCA1012,DSA,61,Internal,2026-02-05
MCA1012,DSA,56,Practical,2026-02-15
MCA1012,DSA,71,External,2026-03-10
MCA1012,Cloud Computing,52,Internal,2026-02-05
MCA1012,Cloud Computing,54,Practical,2026-02-15
MCA1012,Cloud Computing,65,External,2026-03-10
MCA1012,Machine Learning,55,Internal,2026-02-05
MCA1012,Machine Learning,60,Practical,2026-02-15
MCA1012,Machine Learning,67,External,2026-03-10
MCA1012,Software Engineering,60,Internal,2026-02-05
MCA1012,Software Engineering,55,Practical,2026-02-15
MCA1012,Software Engineering,59,External,2026-03-10
MCA1012,Research Methods,56,Internal,2026-02-05
MCA1012,Research Methods,57,Practical,2026-02-15
MCA1012,Research Methods,56,External,2026-03-10
MCA1013,Advanced Python,76,Internal,2026-02-05
MCA1013,Advanced Python,59,Practical,2026-02-15
MCA1013,Advanced Python,61,External,2026-03-10
MCA1013,DSA,75,Internal,2026-02-05
MCA1013,DSA,72,Practical,2026-02-15
MCA1013,DSA,65,External,2026-03-10
MCA1013,Cloud Computing,65,Internal,2026-02-05
MCA1013,Cloud Computing,76,Practical,2026-02-15
MCA1013,Cloud Computing,67,External,2026-03-10
MCA1013,Machine Learning,75,Internal,2026-02-05
MCA1013,Machine Learning,73,Practical,2026-02-15
MCA1013,Machine Learning,51,External,2026-03-10
MCA1013,Software Engineering,75,Internal,2026-02-05
MCA1013,Software Engineering,59,Practical,2026-02-15
MCA1013,Software Engineering,74,External,2026-03-10
MCA1013,Research Methods,58,Internal,2026-02-05
MCA1013,Research Methods,59,Practical,2026-02-15
MCA1013,Research Methods,60,External,2026-03-10
MCA1014,Advanced Python,22,Internal,2026-02-05
MCA1014,Advanced Python,21,Practical,2026-02-15
MCA1014,Advanced Python,25,External,2026-03-10
MCA1014,DSA,30,Internal,2026-02-05
MCA1014,DSA,40,Practical,2026-02-15
MCA1014,DSA,23,External,2026-03-10
MCA1014,Cloud Computing,27,Internal,2026-02-05
MCA1014,Cloud Computing,33,Practical,2026-02-15
MCA1014,Cloud Computing,38,External,2026-03-10
MCA1014,Machine Learning,30,Internal,2026-02-05
MCA1014,Machine Learning,28,Practical,2026-02-15
MCA1014,Machine Learning,38,External,2026-03-10
MCA1014,Software Engineering,20,Internal,2026-02-05
MCA1014,Software Engineering,34,Practical,2026-02-15
MCA1014,Software Engineering,24,External,2026-03-10
MCA1014,Research Methods,33,Internal,2026-02-05
MCA1014,Research Methods,31,Practical,2026-02-15
MCA1014,Research Methods,22,External,2026-03-10
MCA1015,Advanced Python,75,Internal,2026-02-05
MCA1015,Advanced Python,80,Practical,2026-02-15
MCA1015,Advanced Python,72,External,2026-03-10
MCA1015,DSA,56,Internal,2026-02-05
MCA1015,DSA,55,Practical,2026-02-15
MCA1015,DSA,59,External,2026-03-10
MCA1015,Cloud Computing,71,Internal,2026-02-05
MCA1015,Cloud Computing,58,Practical,2026-02-15
MCA1015,Cloud Computing,76,External,2026-03-10
MCA1015,Machine Learning,75,Internal,2026-02-05
MCA1015,Machine Learning,69,Practical,2026-02-15
MCA1015,Machine Learning,65,External,2026-03-10
MCA1015,Software Engineering,71,Internal,2026-02-05
MCA1015,Software Engineering,61,Practical,2026-02-15
MCA1015,Software Engineering,54,External,2026-03-10
MCA1015,Research Methods,72,Internal,2026-02-05
MCA1015,Research Methods,58,Practical,2026-02-15
MCA1015,Research Methods,60,External,2026-03-10
MCA2001,Advanced Python,54,Internal,2026-02-05
MCA2001,Advanced Python,70,Practical,2026-02-15
MCA2001,Advanced Python,54,External,2026-03-10
MCA2001,DSA,71,Internal,2026-02-05
MCA2001,DSA,63,Practical,2026-02-15
MCA2001,DSA,63,External,2026-03-10
MCA2001,Cloud Computing,78,Internal,2026-02-05
MCA2001,Cloud Computing,77,Practical,2026-02-15
MCA2001,Cloud Computing,51,External,2026-03-10
MCA2001,Machine Learning,53,Internal,2026-02-05
MCA2001,Machine Learning,61,Practical,2026-02-15
MCA2001,Machine Learning,79,External,2026-03-10
MCA2001,Software Engineering,69,Internal,2026-02-05
MCA2001,Software Engineering,50,Practical,2026-02-15
MCA2001,Software Engineering,55,External,2026-03-10
MCA2001,Research Methods,74,Internal,2026-02-05
MCA2001,Research Methods,79,Practical,2026-02-15
MCA2001,Research Methods,68,External,2026-03-10
MCA2002,Advanced Python,55,Internal,2026-02-05
MCA2002,Advanced Python,64,Practical,2026-02-15
MCA2002,Advanced Python,75,External,2026-03-10
MCA2002,DSA,67,Internal,2026-02-05
MCA2002,DSA,56,Practical,2026-02-15
MCA2002,DSA,70,External,2026-03-10
MCA2002,Cloud Computing,72,Internal,2026-02-05
MCA2002,Cloud Computing,73,Practical,2026-02-15
MCA2002,Cloud Computing,75,External,2026-03-10
MCA2002,Machine Learning,75,Internal,2026-02-05
MCA2002,Machine Learning,57,Practical,2026-02-15
MCA2002,Machine Learning,66,External,2026-03-10
MCA2002,Software Engineering,68,Internal,2026-02-05
MCA2002,Software Engineering,51,Practical,2026-02-15
MCA2002,Software Engineering,67,External,2026-03-10
MCA2002,Research Methods,56,Internal,2026-02-05
MCA2002,Research Methods,52,Practical,2026-02-15
MCA2002,Research Methods,65,External,2026-03-10
MCA2003,Advanced Python,79,Internal,2026-02-05
MCA2003,Advanced Python,59,Practical,2026-02-15
MCA2003,Advanced Python,55,External,2026-03-10
MCA2003,DSA,68,Internal,2026-02-05
MCA2003,DSA,58,Practical,2026-02-15
MCA2003,DSA,53,External,2026-03-10
MCA2003,Cloud Computing,52,Internal,2026-02-05
MCA2003,Cloud Computing,66,Practical,2026-02-15
MCA2003,Cloud Computing,75,External,2026-03-10
MCA2003,Machine Learning,55,Internal,2026-02-05
MCA2003,Machine Learning,73,Practical,2026-02-15
MCA2003,Machine Learning,61,External,2026-03-10
MCA2003,Software Engineering,68,Internal,2026-02-05
MCA2003,Software Engineering,61,Practical,2026-02-15
MCA2003,Software Engineering,61,External,2026-03-10
MCA2003,Research Methods,68,Internal,2026-02-05
MCA2003,Research Methods,77,Practical,2026-02-15
MCA2003,Research Methods,63,External,2026-03-10
MCA2004,Advanced Python,80,Internal,2026-02-05
MCA2004,Advanced Python,60,Practical,2026-02-15
MCA2004,Advanced Python,54,External,2026-03-10
MCA2004,DSA,67,Internal,2026-02-05
MCA2004,DSA,53,Practical,2026-02-15
MCA2004,DSA,50,External,2026-03-10
MCA2004,Cloud Computing,72,Internal,2026-02-05
MCA2004,Cloud Computing,78,Practical,2026-02-15
MCA2004,Cloud Computing,72,External,2026-03-10
MCA2004,Machine Learning,69,Internal,2026-02-05
MCA2004,Machine Learning,67,Practical,2026-02-15
MCA2004,Machine Learning,78,External,2026-03-10
MCA2004,Software Engineering,75,Internal,2026-02-05
MCA2004,Software Engineering,72,Practical,2026-02-15
MCA2004,Software Engineering,80,External,2026-03-10
MCA2004,Research Methods,73,Internal,2026-02-05
MCA2004,Research Methods,77,Practical,2026-02-15
MCA2004,Research Methods,53,External,2026-03-10
MCA2005,Advanced Python,73,Internal,2026-02-05
MCA2005,Advanced Python,54,Practical,2026-02-15
MCA2005,Advanced Python,56,External,2026-03-10
MCA2005,DSA,74,Internal,2026-02-05
MCA2005,DSA,64,Practical,2026-02-15
MCA2005,DSA,64,External,2026-03-10
MCA2005,Cloud Computing,52,Internal,2026-02-05
MCA2005,Cloud Computing,70,Practical,2026-02-15
MCA2005,Cloud Computing,62,External,2026-03-10
MCA2005,Machine Learning,79,Internal,2026-02-05
MCA2005,Machine Learning,62,Practical,2026-02-15
MCA2005,Machine Learning,60,External,2026-03-10
MCA2005,Software Engineering,79,Internal,2026-02-05
MCA2005,Software Engineering,52,Practical,2026-02-15
MCA2005,Software Engineering,62,External,2026-03-10
MCA2005,Research Methods,61,Internal,2026-02-05
MCA2005,Research Methods,58,Practical,2026-02-15
MCA2005,Research Methods,64,External,2026-03-10
MCA2006,Advanced Python,91,Internal,2026-02-05
MCA2006,Advanced Python,91,Practical,2026-02-15
MCA2006,Advanced Python,85,External,2026-03-10
MCA2006,DSA,90,Internal,2026-02-05
MCA2006,DSA,91,Practical,2026-02-15
MCA2006,DSA,89,External,2026-03-10
MCA2006,Cloud Computing,90,Internal,2026-02-05
MCA2006,Cloud Computing,90,Practical,2026-02-15
MCA2006,Cloud Computing,88,External,2026-03-10
MCA2006,Machine Learning,87,Internal,2026-02-05
MCA2006,Machine Learning,95,Practical,2026-02-15
MCA2006,Machine Learning,86,External,2026-03-10
MCA2006,Software Engineering,92,Internal,2026-02-05
MCA2006,Software Engineering,89,Practical,2026-02-15
MCA2006,Software Engineering,90,External,2026-03-10
MCA2006,Research Methods,88,Internal,2026-02-05
MCA2006,Research Methods,95,Practical,2026-02-15
MCA2006,Research Methods,85,External,2026-03-10
MCA2007,Advanced Python,53,Internal,2026-02-05
MCA2007,Advanced Python,64,Practical,2026-02-15
MCA2007,Advanced Python,75,External,2026-03-10
MCA2007,DSA,69,Internal,2026-02-05
MCA2007,DSA,63,Practical,2026-02-15
MCA2007,DSA,67,External,2026-03-10
MCA2007,Cloud Computing,53,Internal,2026-02-05
MCA2007,Cloud Computing,58,Practical,2026-02-15
MCA2007,Cloud Computing,55,External,2026-03-10
MCA2007,Machine Learning,60,Internal,2026-02-05
MCA2007,Machine Learning,60,Practical,2026-02-15
MCA2007,Machine Learning,60,External,2026-03-10
MCA2007,Software Engineering,59,Internal,2026-02-05
MCA2007,Software Engineering,70,Practical,2026-02-15
MCA2007,Software Engineering,63,External,2026-03-10
MCA2007,Research Methods,65,Internal,2026-02-05
MCA2007,Research Methods,52,Practical,2026-02-15
MCA2007,Research Methods,70,External,2026-03-10
MCA2008,Advanced Python,71,Internal,2026-02-05
MCA2008,Advanced Python,54,Practical,2026-02-15
MCA2008,Advanced Python,70,External,2026-03-10
MCA2008,DSA,64,Internal,2026-02-05
MCA2008,DSA,58,Practical,2026-02-15
MCA2008,DSA,75,External,2026-03-10
MCA2008,Cloud Computing,78,Internal,2026-02-05
MCA2008,Cloud Computing,64,Practical,2026-02-15
MCA2008,Cloud Computing,57,External,2026-03-10
MCA2008,Machine Learning,79,Internal,2026-02-05
MCA2008,Machine Learning,69,Practical,2026-02-15
MCA2008,Machine Learning,58,External,2026-03-10
MCA2008,Software Engineering,67,Internal,2026-02-05
MCA2008,Software Engineering,59,Practical,2026-02-15
MCA2008,Software Engineering,76,External,2026-03-10
MCA2008,Research Methods,77,Internal,2026-02-05
MCA2008,Research Methods,79,Practical,2026-02-15
MCA2008,Research Methods,65,External,2026-03-10
MCA2009,Advanced Python,79,Internal,2026-02-05
MCA2009,Advanced Python,70,Practical,2026-02-15
MCA2009,Advanced Python,67,External,2026-03-10
MCA2009,DSA,53,Internal,2026-02-05
MCA2009,DSA,66,Practical,2026-02-15
MCA2009,DSA,71,External,2026-03-10
MCA2009,Cloud Computing,74,Internal,2026-02-05
MCA2009,Cloud Computing,62,Practical,2026-02-15
MCA2009,Cloud Computing,78,External,2026-03-10
MCA2009,Machine Learning,52,Internal,2026-02-05
MCA2009,Machine Learning,57,Practical,2026-02-15
MCA2009,Machine Learning,76,External,2026-03-10
MCA2009,Software Engineering,67,Internal,2026-02-05
MCA2009,Software Engineering,56,Practical,2026-02-15
MCA2009,Software Engineering,77,External,2026-03-10
MCA2009,Research Methods,69,Internal,2026-02-05
MCA2009,Research Methods,74,Practical,2026-02-15
MCA2009,Research Methods,59,External,2026-03-10
MCA2010,Advanced Python,92,Internal,2026-02-05
MCA2010,Advanced Python,88,Practical,2026-02-15
MCA2010,Advanced Python,86,External,2026-03-10
MCA2010,DSA,95,Internal,2026-02-05
MCA2010,DSA,88,Practical,2026-02-15
MCA2010,DSA,87,External,2026-03-10
MCA2010,Cloud Computing,88,Internal,2026-02-05
MCA2010,Cloud Computing,92,Practical,2026-02-15
MCA2010,Cloud Computing,88,External,2026-03-10
MCA2010,Machine Learning,87,Internal,2026-02-05
MCA2010,Machine Learning,86,Practical,2026-02-15
MCA2010,Machine Learning,94,External,2026-03-10
MCA2010,Software Engineering,95,Internal,2026-02-05
MCA2010,Software Engineering,89,Practical,2026-02-15
MCA2010,Software Engineering,85,External,2026-03-10
MCA2010,Research Methods,91,Internal,2026-02-05
MCA2010,Research Methods,91,Practical,2026-02-15
MCA2010,Research Methods,87,External,2026-03-10
MCA2011,Advanced Python,86,Internal,2026-02-05
MCA2011,Advanced Python,86,Practical,2026-02-15
MCA2011,Advanced Python,90,External,2026-03-10
MCA2011,DSA,93,Internal,2026-02-05
MCA2011,DSA,93,Practical,2026-02-15
MCA2011,DSA,89,External,2026-03-10
MCA2011,Cloud Computing,92,Internal,2026-02-05
MCA2011,Cloud Computing,85,Practical,2026-02-15
MCA2011,Cloud Computing,95,External,2026-03-10
MCA2011,Machine Learning,91,Internal,2026-02-05
MCA2011,Machine Learning,85,Practical,2026-02-15
MCA2011,Machine Learning,95,External,2026-03-10
MCA2011,Software Engineering,89,Internal,2026-02-05
MCA2011,Software Engineering,90,Practical,2026-02-15
MCA2011,Software Engineering,86,External,2026-03-10
MCA2011,Research Methods,86,Internal,2026-02-05
MCA2011,Research Methods,89,Practical,2026-02-15
MCA2011,Research Methods,90,External,2026-03-10
MCA2012,Advanced Python,69,Internal,2026-02-05
MCA2012,Advanced Python,74,Practical,2026-02-15
MCA2012,Advanced Python,67,External,2026-03-10
MCA2012,DSA,62,Internal,2026-02-05
MCA2012,DSA,64,Practical,2026-02-15
MCA2012,DSA,63,External,2026-03-10
MCA2012,Cloud Computing,70,Internal,2026-02-05
MCA2012,Cloud Computing,77,Practical,2026-02-15
MCA2012,Cloud Computing,59,External,2026-03-10
MCA2012,Machine Learning,65,Internal,2026-02-05
MCA2012,Machine Learning,75,Practical,2026-02-15
MCA2012,Machine Learning,57,External,2026-03-10
MCA2012,Software Engineering,69,Internal,2026-02-05
MCA2012,Software Engineering,79,Practical,2026-02-15
MCA2012,Software Engineering,60,External,2026-03-10
MCA2012,Research Methods,73,Internal,2026-02-05
MCA2012,Research Methods,74,Practical,2026-02-15
MCA2012,Research Methods,60,External,2026-03-10
MCA2013,Advanced Python,76,Internal,2026-02-05
MCA2013,Advanced Python,77,Practical,2026-02-15
MCA2013,Advanced Python,63,External,2026-03-10
MCA2013,DSA,51,Internal,2026-02-05
MCA2013,DSA,61,Practical,2026-02-15
MCA2013,DSA,78,External,2026-03-10
MCA2013,Cloud Computing,58,Internal,2026-02-05
MCA2013,Cloud Computing,74,Practical,2026-02-15
MCA2013,Cloud Computing,51,External,2026-03-10
MCA2013,Machine Learning,57,Internal,2026-02-05
MCA2013,Machine Learning,74,Practical,2026-02-15
MCA2013,Machine Learning,74,External,2026-03-10
MCA2013,Software Engineering,53,Internal,2026-02-05
MCA2013,Software Engineering,69,Practical,2026-02-15
MCA2013,Software Engineering,60,External,2026-03-10
MCA2013,Research Methods,69,Internal,2026-02-05
MCA2013,Research Methods,69,Practical,2026-02-15
MCA2013,Research Methods,50,External,2026-03-10
MCA2014,Advanced Python,52,Internal,2026-02-05
MCA2014,Advanced Python,61,Practical,2026-02-15
MCA2014,Advanced Python,52,External,2026-03-10
MCA2014,DSA,71,Internal,2026-02-05
MCA2014,DSA,73,Practical,2026-02-15
MCA2014,DSA,73,External,2026-03-10
MCA2014,Cloud Computing,75,Internal,2026-02-05
MCA2014,Cloud Computing,52,Practical,2026-02-15
MCA2014,Cloud Computing,72,External,2026-03-10
MCA2014,Machine Learning,71,Internal,2026-02-05
MCA2014,Machine Learning,77,Practical,2026-02-15
MCA2014,Machine Learning,72,External,2026-03-10
MCA2014,Software Engineering,78,Internal,2026-02-05
MCA2014,Software Engineering,50,Practical,2026-02-15
MCA2014,Software Engineering,51,External,2026-03-10
MCA2014,Research Methods,66,Internal,2026-02-05
MCA2014,Research Methods,72,Practical,2026-02-15
MCA2014,Research Methods,66,External,2026-03-10
MCA2015,Advanced Python,26,Internal,2026-02-05
MCA2015,Advanced Python,20,Practical,2026-02-15
MCA2015,Advanced Python,23,External,2026-03-10
MCA2015,DSA,33,Internal,2026-02-05
MCA2015,DSA,37,Practical,2026-02-15
MCA2015,DSA,29,External,2026-03-10
MCA2015,Cloud Computing,29,Internal,2026-02-05
MCA2015,Cloud Computing,40,Practical,2026-02-15
MCA2015,Cloud Computing,39,External,2026-03-10
MCA2015,Machine Learning,30,Internal,2026-02-05
MCA2015,Machine Learning,22,Practical,2026-02-15
MCA2015,Machine Learning,40,External,2026-03-10
MCA2015,Software Engineering,38,Internal,2026-02-05
MCA2015,Software Engineering,28,Practical,2026-02-15
MCA2015,Software Engineering,34,External,2026-03-10
MCA2015,Research Methods,21,Internal,2026-02-05
MCA2015,Research Methods,24,Practical,2026-02-15
MCA2015,Research Methods,37,External,2026-03-10
BTECH1001,Engineering Maths,78,Internal,2026-02-05
BTECH1001,Engineering Maths,54,Practical,2026-02-15
BTECH1001,Engineering Maths,70,External,2026-03-10
BTECH1001,DBMS,53,Internal,2026-02-05
BTECH1001,DBMS,67,Practical,2026-02-15
BTECH1001,DBMS,67,External,2026-03-10
BTECH1001,OS,61,Internal,2026-02-05
BTECH1001,OS,56,Practical,2026-02-15
BTECH1001,OS,51,External,2026-03-10
BTECH1001,Networks,80,Internal,2026-02-05
BTECH1001,Networks,65,Practical,2026-02-15
BTECH1001,Networks,79,External,2026-03-10
BTECH1001,Data Structures,62,Internal,2026-02-05
BTECH1001,Data Structures,50,Practical,2026-02-15
BTECH1001,Data Structures,75,External,2026-03-10
BTECH1001,Software Engineering,51,Internal,2026-02-05
BTECH1001,Software Engineering,51,Practical,2026-02-15
BTECH1001,Software Engineering,75,External,2026-03-10
BTECH1002,Engineering Maths,91,Internal,2026-02-05
BTECH1002,Engineering Maths,85,Practical,2026-02-15
BTECH1002,Engineering Maths,87,External,2026-03-10
BTECH1002,DBMS,91,Internal,2026-02-05
BTECH1002,DBMS,92,Practical,2026-02-15
BTECH1002,DBMS,95,External,2026-03-10
BTECH1002,OS,89,Internal,2026-02-05
BTECH1002,OS,93,Practical,2026-02-15
BTECH1002,OS,92,External,2026-03-10
BTECH1002,Networks,89,Internal,2026-02-05
BTECH1002,Networks,90,Practical,2026-02-15
BTECH1002,Networks,93,External,2026-03-10
BTECH1002,Data Structures,87,Internal,2026-02-05
BTECH1002,Data Structures,85,Practical,2026-02-15
BTECH1002,Data Structures,91,External,2026-03-10
BTECH1002,Software Engineering,92,Internal,2026-02-05
BTECH1002,Software Engineering,95,Practical,2026-02-15
BTECH1002,Software Engineering,92,External,2026-03-10
BTECH1003,Engineering Maths,67,Internal,2026-02-05
BTECH1003,Engineering Maths,54,Practical,2026-02-15
BTECH1003,Engineering Maths,56,External,2026-03-10
BTECH1003,DBMS,51,Internal,2026-02-05
BTECH1003,DBMS,66,Practical,2026-02-15
BTECH1003,DBMS,66,External,2026-03-10
BTECH1003,OS,54,Internal,2026-02-05
BTECH1003,OS,75,Practical,2026-02-15
BTECH1003,OS,59,External,2026-03-10
BTECH1003,Networks,68,Internal,2026-02-05
BTECH1003,Networks,54,Practical,2026-02-15
BTECH1003,Networks,67,External,2026-03-10
BTECH1003,Data Structures,64,Internal,2026-02-05
BTECH1003,Data Structures,71,Practical,2026-02-15
BTECH1003,Data Structures,70,External,2026-03-10
BTECH1003,Software Engineering,69,Internal,2026-02-05
BTECH1003,Software Engineering,69,Practical,2026-02-15
BTECH1003,Software Engineering,75,External,2026-03-10
BTECH1004,Engineering Maths,50,Internal,2026-02-05
BTECH1004,Engineering Maths,68,Practical,2026-02-15
BTECH1004,Engineering Maths,63,External,2026-03-10
BTECH1004,DBMS,62,Internal,2026-02-05
BTECH1004,DBMS,74,Practical,2026-02-15
BTECH1004,DBMS,68,External,2026-03-10
BTECH1004,OS,64,Internal,2026-02-05
BTECH1004,OS,80,Practical,2026-02-15
BTECH1004,OS,51,External,2026-03-10
BTECH1004,Networks,65,Internal,2026-02-05
BTECH1004,Networks,63,Practical,2026-02-15
BTECH1004,Networks,63,External,2026-03-10
BTECH1004,Data Structures,66,Internal,2026-02-05
BTECH1004,Data Structures,68,Practical,2026-02-15
BTECH1004,Data Structures,77,External,2026-03-10
BTECH1004,Software Engineering,56,Internal,2026-02-05
BTECH1004,Software Engineering,75,Practical,2026-02-15
BTECH1004,Software Engineering,61,External,2026-03-10
BTECH1005,Engineering Maths,77,Internal,2026-02-05
BTECH1005,Engineering Maths,59,Practical,2026-02-15
BTECH1005,Engineering Maths,61,External,2026-03-10
BTECH1005,DBMS,71,Internal,2026-02-05
BTECH1005,DBMS,67,Practical,2026-02-15
BTECH1005,DBMS,72,External,2026-03-10
BTECH1005,OS,71,Internal,2026-02-05
BTECH1005,OS,64,Practical,2026-02-15
BTECH1005,OS,65,External,2026-03-10
BTECH1005,Networks,65,Internal,2026-02-05
BTECH1005,Networks,66,Practical,2026-02-15
BTECH1005,Networks,61,External,2026-03-10
BTECH1005,Data Structures,52,Internal,2026-02-05
BTECH1005,Data Structures,67,Practical,2026-02-15
BTECH1005,Data Structures,55,External,2026-03-10
BTECH1005,Software Engineering,68,Internal,2026-02-05
BTECH1005,Software Engineering,70,Practical,2026-02-15
BTECH1005,Software Engineering,59,External,2026-03-10
BTECH1006,Engineering Maths,24,Internal,2026-02-05
BTECH1006,Engineering Maths,20,Practical,2026-02-15
BTECH1006,Engineering Maths,40,External,2026-03-10
BTECH1006,DBMS,33,Internal,2026-02-05
BTECH1006,DBMS,25,Practical,2026-02-15
BTECH1006,DBMS,30,External,2026-03-10
BTECH1006,OS,29,Internal,2026-02-05
BTECH1006,OS,39,Practical,2026-02-15
BTECH1006,OS,37,External,2026-03-10
BTECH1006,Networks,28,Internal,2026-02-05
BTECH1006,Networks,26,Practical,2026-02-15
BTECH1006,Networks,24,External,2026-03-10
BTECH1006,Data Structures,30,Internal,2026-02-05
BTECH1006,Data Structures,29,Practical,2026-02-15
BTECH1006,Data Structures,36,External,2026-03-10
BTECH1006,Software Engineering,28,Internal,2026-02-05
BTECH1006,Software Engineering,34,Practical,2026-02-15
BTECH1006,Software Engineering,25,External,2026-03-10
BTECH1007,Engineering Maths,71,Internal,2026-02-05
BTECH1007,Engineering Maths,52,Practical,2026-02-15
BTECH1007,Engineering Maths,50,External,2026-03-10
BTECH1007,DBMS,77,Internal,2026-02-05
BTECH1007,DBMS,64,Practical,2026-02-15
BTECH1007,DBMS,78,External,2026-03-10
BTECH1007,OS,68,Internal,2026-02-05
BTECH1007,OS,71,Practical,2026-02-15
BTECH1007,OS,65,External,2026-03-10
BTECH1007,Networks,70,Internal,2026-02-05
BTECH1007,Networks,66,Practical,2026-02-15
BTECH1007,Networks,74,External,2026-03-10
BTECH1007,Data Structures,64,Internal,2026-02-05
BTECH1007,Data Structures,55,Practical,2026-02-15
BTECH1007,Data Structures,73,External,2026-03-10
BTECH1007,Software Engineering,59,Internal,2026-02-05
BTECH1007,Software Engineering,54,Practical,2026-02-15
BTECH1007,Software Engineering,73,External,2026-03-10
BTECH1008,Engineering Maths,55,Internal,2026-02-05
BTECH1008,Engineering Maths,55,Practical,2026-02-15
BTECH1008,Engineering Maths,71,External,2026-03-10
BTECH1008,DBMS,74,Internal,2026-02-05
BTECH1008,DBMS,80,Practical,2026-02-15
BTECH1008,DBMS,53,External,2026-03-10
BTECH1008,OS,72,Internal,2026-02-05
BTECH1008,OS,63,Practical,2026-02-15
BTECH1008,OS,51,External,2026-03-10
BTECH1008,Networks,75,Internal,2026-02-05
BTECH1008,Networks,62,Practical,2026-02-15
BTECH1008,Networks,80,External,2026-03-10
BTECH1008,Data Structures,51,Internal,2026-02-05
BTECH1008,Data Structures,64,Practical,2026-02-15
BTECH1008,Data Structures,73,External,2026-03-10
BTECH1008,Software Engineering,64,Internal,2026-02-05
BTECH1008,Software Engineering,75,Practical,2026-02-15
BTECH1008,Software Engineering,58,External,2026-03-10
BTECH1009,Engineering Maths,53,Internal,2026-02-05
BTECH1009,Engineering Maths,69,Practical,2026-02-15
BTECH1009,Engineering Maths,51,External,2026-03-10
BTECH1009,DBMS,72,Internal,2026-02-05
BTECH1009,DBMS,60,Practical,2026-02-15
BTECH1009,DBMS,69,External,2026-03-10
BTECH1009,OS,67,Internal,2026-02-05
BTECH1009,OS,67,Practical,2026-02-15
BTECH1009,OS,65,External,2026-03-10
BTECH1009,Networks,64,Internal,2026-02-05
BTECH1009,Networks,72,Practical,2026-02-15
BTECH1009,Networks,71,External,2026-03-10
BTECH1009,Data Structures,79,Internal,2026-02-05
BTECH1009,Data Structures,52,Practical,2026-02-15
BTECH1009,Data Structures,59,External,2026-03-10
BTECH1009,Software Engineering,64,Internal,2026-02-05
BTECH1009,Software Engineering,76,Practical,2026-02-15
BTECH1009,Software Engineering,58,External,2026-03-10
BTECH1010,Engineering Maths,36,Internal,2026-02-05
BTECH1010,Engineering Maths,35,Practical,2026-02-15
BTECH1010,Engineering Maths,28,External,2026-03-10
BTECH1010,DBMS,34,Internal,2026-02-05
BTECH1010,DBMS,27,Practical,2026-02-15
BTECH1010,DBMS,39,External,2026-03-10
BTECH1010,OS,33,Internal,2026-02-05
BTECH1010,OS,27,Practical,2026-02-15
BTECH1010,OS,25,External,2026-03-10
BTECH1010,Networks,33,Internal,2026-02-05
BTECH1010,Networks,28,Practical,2026-02-15
BTECH1010,Networks,30,External,2026-03-10
BTECH1010,Data Structures,32,Internal,2026-02-05
BTECH1010,Data Structures,21,Practical,2026-02-15
BTECH1010,Data Structures,38,External,2026-03-10
BTECH1010,Software Engineering,23,Internal,2026-02-05
BTECH1010,Software Engineering,38,Practical,2026-02-15
BTECH1010,Software Engineering,30,External,2026-03-10
BTECH1011,Engineering Maths,37,Internal,2026-02-05
BTECH1011,Engineering Maths,28,Practical,2026-02-15
BTECH1011,Engineering Maths,28,External,2026-03-10
BTECH1011,DBMS,23,Internal,2026-02-05
BTECH1011,DBMS,20,Practical,2026-02-15
BTECH1011,DBMS,36,External,2026-03-10
BTECH1011,OS,40,Internal,2026-02-05
BTECH1011,OS,34,Practical,2026-02-15
BTECH1011,OS,22,External,2026-03-10
BTECH1011,Networks,40,Internal,2026-02-05
BTECH1011,Networks,34,Practical,2026-02-15
BTECH1011,Networks,31,External,2026-03-10
BTECH1011,Data Structures,40,Internal,2026-02-05
BTECH1011,Data Structures,37,Practical,2026-02-15
BTECH1011,Data Structures,39,External,2026-03-10
BTECH1011,Software Engineering,32,Internal,2026-02-05
BTECH1011,Software Engineering,34,Practical,2026-02-15
BTECH1011,Software Engineering,27,External,2026-03-10
BTECH1012,Engineering Maths,63,Internal,2026-02-05
BTECH1012,Engineering Maths,74,Practical,2026-02-15
BTECH1012,Engineering Maths,57,External,2026-03-10
BTECH1012,DBMS,74,Internal,2026-02-05
BTECH1012,DBMS,72,Practical,2026-02-15
BTECH1012,DBMS,66,External,2026-03-10
BTECH1012,OS,77,Internal,2026-02-05
BTECH1012,OS,75,Practical,2026-02-15
BTECH1012,OS,73,External,2026-03-10
BTECH1012,Networks,76,Internal,2026-02-05
BTECH1012,Networks,53,Practical,2026-02-15
BTECH1012,Networks,76,External,2026-03-10
BTECH1012,Data Structures,77,Internal,2026-02-05
BTECH1012,Data Structures,77,Practical,2026-02-15
BTECH1012,Data Structures,75,External,2026-03-10
BTECH1012,Software Engineering,66,Internal,2026-02-05
BTECH1012,Software Engineering,78,Practical,2026-02-15
BTECH1012,Software Engineering,61,External,2026-03-10
BTECH1013,Engineering Maths,68,Internal,2026-02-05
BTECH1013,Engineering Maths,67,Practical,2026-02-15
BTECH1013,Engineering Maths,69,External,2026-03-10
BTECH1013,DBMS,54,Internal,2026-02-05
BTECH1013,DBMS,56,Practical,2026-02-15
BTECH1013,DBMS,50,External,2026-03-10
BTECH1013,OS,63,Internal,2026-02-05
BTECH1013,OS,55,Practical,2026-02-15
BTECH1013,OS,73,External,2026-03-10
BTECH1013,Networks,68,Internal,2026-02-05
BTECH1013,Networks,80,Practical,2026-02-15
BTECH1013,Networks,76,External,2026-03-10
BTECH1013,Data Structures,52,Internal,2026-02-05
BTECH1013,Data Structures,76,Practical,2026-02-15
BTECH1013,Data Structures,68,External,2026-03-10
BTECH1013,Software Engineering,58,Internal,2026-02-05
BTECH1013,Software Engineering,57,Practical,2026-02-15
BTECH1013,Software Engineering,56,External,2026-03-10
BTECH1014,Engineering Maths,62,Internal,2026-02-05
BTECH1014,Engineering Maths,52,Practical,2026-02-15
BTECH1014,Engineering Maths,52,External,2026-03-10
BTECH1014,DBMS,65,Internal,2026-02-05
BTECH1014,DBMS,51,Practical,2026-02-15
BTECH1014,DBMS,52,External,2026-03-10
BTECH1014,OS,54,Internal,2026-02-05
BTECH1014,OS,68,Practical,2026-02-15
BTECH1014,OS,53,External,2026-03-10
BTECH1014,Networks,69,Internal,2026-02-05
BTECH1014,Networks,52,Practical,2026-02-15
BTECH1014,Networks,59,External,2026-03-10
BTECH1014,Data Structures,52,Internal,2026-02-05
BTECH1014,Data Structures,62,Practical,2026-02-15
BTECH1014,Data Structures,61,External,2026-03-10
BTECH1014,Software Engineering,63,Internal,2026-02-05
BTECH1014,Software Engineering,53,Practical,2026-02-15
BTECH1014,Software Engineering,74,External,2026-03-10
BTECH1015,Engineering Maths,26,Internal,2026-02-05
BTECH1015,Engineering Maths,32,Practical,2026-02-15
BTECH1015,Engineering Maths,35,External,2026-03-10
BTECH1015,DBMS,34,Internal,2026-02-05
BTECH1015,DBMS,35,Practical,2026-02-15
BTECH1015,DBMS,40,External,2026-03-10
BTECH1015,OS,30,Internal,2026-02-05
BTECH1015,OS,39,Practical,2026-02-15
BTECH1015,OS,35,External,2026-03-10
BTECH1015,Networks,20,Internal,2026-02-05
BTECH1015,Networks,30,Practical,2026-02-15
BTECH1015,Networks,32,External,2026-03-10
BTECH1015,Data Structures,25,Internal,2026-02-05
BTECH1015,Data Structures,29,Practical,2026-02-15
BTECH1015,Data Structures,33,External,2026-03-10
BTECH1015,Software Engineering,22,Internal,2026-02-05
BTECH1015,Software Engineering,23,Practical,2026-02-15
BTECH1015,Software Engineering,24,External,2026-03-10
BTECH2001,Engineering Maths,91,Internal,2026-02-05
BTECH2001,Engineering Maths,94,Practical,2026-02-15
BTECH2001,Engineering Maths,87,External,2026-03-10
BTECH2001,DBMS,94,Internal,2026-02-05
BTECH2001,DBMS,87,Practical,2026-02-15
BTECH2001,DBMS,92,External,2026-03-10
BTECH2001,OS,87,Internal,2026-02-05
BTECH2001,OS,91,Practical,2026-02-15
BTECH2001,OS,93,External,2026-03-10
BTECH2001,Networks,87,Internal,2026-02-05
BTECH2001,Networks,85,Practical,2026-02-15
BTECH2001,Networks,90,External,2026-03-10
BTECH2001,Data Structures,86,Internal,2026-02-05
BTECH2001,Data Structures,92,Practical,2026-02-15
BTECH2001,Data Structures,86,External,2026-03-10
BTECH2001,Software Engineering,95,Internal,2026-02-05
BTECH2001,Software Engineering,88,Practical,2026-02-15
BTECH2001,Software Engineering,95,External,2026-03-10
BTECH2002,Engineering Maths,59,Internal,2026-02-05
BTECH2002,Engineering Maths,59,Practical,2026-02-15
BTECH2002,Engineering Maths,66,External,2026-03-10
BTECH2002,DBMS,69,Internal,2026-02-05
BTECH2002,DBMS,72,Practical,2026-02-15
BTECH2002,DBMS,61,External,2026-03-10
BTECH2002,OS,58,Internal,2026-02-05
BTECH2002,OS,64,Practical,2026-02-15
BTECH2002,OS,67,External,2026-03-10
BTECH2002,Networks,58,Internal,2026-02-05
BTECH2002,Networks,55,Practical,2026-02-15
BTECH2002,Networks,64,External,2026-03-10
BTECH2002,Data Structures,70,Internal,2026-02-05
BTECH2002,Data Structures,67,Practical,2026-02-15
BTECH2002,Data Structures,62,External,2026-03-10
BTECH2002,Software Engineering,57,Internal,2026-02-05
BTECH2002,Software Engineering,71,Practical,2026-02-15
BTECH2002,Software Engineering,80,External,2026-03-10
BTECH2003,Engineering Maths,40,Internal,2026-02-05
BTECH2003,Engineering Maths,40,Practical,2026-02-15
BTECH2003,Engineering Maths,37,External,2026-03-10
BTECH2003,DBMS,23,Internal,2026-02-05
BTECH2003,DBMS,36,Practical,2026-02-15
BTECH2003,DBMS,34,External,2026-03-10
BTECH2003,OS,29,Internal,2026-02-05
BTECH2003,OS,33,Practical,2026-02-15
BTECH2003,OS,28,External,2026-03-10
BTECH2003,Networks,39,Internal,2026-02-05
BTECH2003,Networks,39,Practical,2026-02-15
BTECH2003,Networks,36,External,2026-03-10
BTECH2003,Data Structures,26,Internal,2026-02-05
BTECH2003,Data Structures,34,Practical,2026-02-15
BTECH2003,Data Structures,23,External,2026-03-10
BTECH2003,Software Engineering,37,Internal,2026-02-05
BTECH2003,Software Engineering,28,Practical,2026-02-15
BTECH2003,Software Engineering,38,External,2026-03-10
BTECH2004,Engineering Maths,71,Internal,2026-02-05
BTECH2004,Engineering Maths,57,Practical,2026-02-15
BTECH2004,Engineering Maths,66,External,2026-03-10
BTECH2004,DBMS,73,Internal,2026-02-05
BTECH2004,DBMS,80,Practical,2026-02-15
BTECH2004,DBMS,77,External,2026-03-10
BTECH2004,OS,72,Internal,2026-02-05
BTECH2004,OS,54,Practical,2026-02-15
BTECH2004,OS,57,External,2026-03-10
BTECH2004,Networks,77,Internal,2026-02-05
BTECH2004,Networks,79,Practical,2026-02-15
BTECH2004,Networks,79,External,2026-03-10
BTECH2004,Data Structures,54,Internal,2026-02-05
BTECH2004,Data Structures,56,Practical,2026-02-15
BTECH2004,Data Structures,79,External,2026-03-10
BTECH2004,Software Engineering,53,Internal,2026-02-05
BTECH2004,Software Engineering,64,Practical,2026-02-15
BTECH2004,Software Engineering,77,External,2026-03-10
BTECH2005,Engineering Maths,80,Internal,2026-02-05
BTECH2005,Engineering Maths,51,Practical,2026-02-15
BTECH2005,Engineering Maths,72,External,2026-03-10
BTECH2005,DBMS,56,Internal,2026-02-05
BTECH2005,DBMS,79,Practical,2026-02-15
BTECH2005,DBMS,73,External,2026-03-10
BTECH2005,OS,68,Internal,2026-02-05
BTECH2005,OS,62,Practical,2026-02-15
BTECH2005,OS,50,External,2026-03-10
BTECH2005,Networks,68,Internal,2026-02-05
BTECH2005,Networks,69,Practical,2026-02-15
BTECH2005,Networks,77,External,2026-03-10
BTECH2005,Data Structures,62,Internal,2026-02-05
BTECH2005,Data Structures,72,Practical,2026-02-15
BTECH2005,Data Structures,54,External,2026-03-10
BTECH2005,Software Engineering,68,Internal,2026-02-05
BTECH2005,Software Engineering,67,Practical,2026-02-15
BTECH2005,Software Engineering,73,External,2026-03-10
BTECH2006,Engineering Maths,54,Internal,2026-02-05
BTECH2006,Engineering Maths,79,Practical,2026-02-15
BTECH2006,Engineering Maths,73,External,2026-03-10
BTECH2006,DBMS,66,Internal,2026-02-05
BTECH2006,DBMS,51,Practical,2026-02-15
BTECH2006,DBMS,52,External,2026-03-10
BTECH2006,OS,55,Internal,2026-02-05
BTECH2006,OS,69,Practical,2026-02-15
BTECH2006,OS,77,External,2026-03-10
BTECH2006,Networks,61,Internal,2026-02-05
BTECH2006,Networks,77,Practical,2026-02-15
BTECH2006,Networks,72,External,2026-03-10
BTECH2006,Data Structures,75,Internal,2026-02-05
BTECH2006,Data Structures,78,Practical,2026-02-15
BTECH2006,Data Structures,58,External,2026-03-10
BTECH2006,Software Engineering,71,Internal,2026-02-05
BTECH2006,Software Engineering,50,Practical,2026-02-15
BTECH2006,Software Engineering,60,External,2026-03-10
BTECH2007,Engineering Maths,53,Internal,2026-02-05
BTECH2007,Engineering Maths,68,Practical,2026-02-15
BTECH2007,Engineering Maths,68,External,2026-03-10
BTECH2007,DBMS,60,Internal,2026-02-05
BTECH2007,DBMS,60,Practical,2026-02-15
BTECH2007,DBMS,69,External,2026-03-10
BTECH2007,OS,74,Internal,2026-02-05
BTECH2007,OS,52,Practical,2026-02-15
BTECH2007,OS,80,External,2026-03-10
BTECH2007,Networks,60,Internal,2026-02-05
BTECH2007,Networks,76,Practical,2026-02-15
BTECH2007,Networks,66,External,2026-03-10
BTECH2007,Data Structures,58,Internal,2026-02-05
BTECH2007,Data Structures,78,Practical,2026-02-15
BTECH2007,Data Structures,68,External,2026-03-10
BTECH2007,Software Engineering,52,Internal,2026-02-05
BTECH2007,Software Engineering,59,Practical,2026-02-15
BTECH2007,Software Engineering,56,External,2026-03-10
BTECH2008,Engineering Maths,22,Internal,2026-02-05
BTECH2008,Engineering Maths,38,Practical,2026-02-15
BTECH2008,Engineering Maths,37,External,2026-03-10
BTECH2008,DBMS,20,Internal,2026-02-05
BTECH2008,DBMS,29,Practical,2026-02-15
BTECH2008,DBMS,24,External,2026-03-10
BTECH2008,OS,39,Internal,2026-02-05
BTECH2008,OS,33,Practical,2026-02-15
BTECH2008,OS,24,External,2026-03-10
BTECH2008,Networks,38,Internal,2026-02-05
BTECH2008,Networks,40,Practical,2026-02-15
BTECH2008,Networks,38,External,2026-03-10
BTECH2008,Data Structures,36,Internal,2026-02-05
BTECH2008,Data Structures,28,Practical,2026-02-15
BTECH2008,Data Structures,40,External,2026-03-10
BTECH2008,Software Engineering,31,Internal,2026-02-05
BTECH2008,Software Engineering,21,Practical,2026-02-15
BTECH2008,Software Engineering,28,External,2026-03-10
BTECH2009,Engineering Maths,69,Internal,2026-02-05
BTECH2009,Engineering Maths,75,Practical,2026-02-15
BTECH2009,Engineering Maths,79,External,2026-03-10
BTECH2009,DBMS,77,Internal,2026-02-05
BTECH2009,DBMS,52,Practical,2026-02-15
BTECH2009,DBMS,60,External,2026-03-10
BTECH2009,OS,74,Internal,2026-02-05
BTECH2009,OS,79,Practical,2026-02-15
BTECH2009,OS,74,External,2026-03-10
BTECH2009,Networks,70,Internal,2026-02-05
BTECH2009,Networks,63,Practical,2026-02-15
BTECH2009,Networks,63,External,2026-03-10
BTECH2009,Data Structures,71,Internal,2026-02-05
BTECH2009,Data Structures,77,Practical,2026-02-15
BTECH2009,Data Structures,61,External,2026-03-10
BTECH2009,Software Engineering,50,Internal,2026-02-05
BTECH2009,Software Engineering,69,Practical,2026-02-15
BTECH2009,Software Engineering,50,External,2026-03-10
BTECH2010,Engineering Maths,30,Internal,2026-02-05
BTECH2010,Engineering Maths,30,Practical,2026-02-15
BTECH2010,Engineering Maths,40,External,2026-03-10
BTECH2010,DBMS,21,Internal,2026-02-05
BTECH2010,DBMS,40,Practical,2026-02-15
BTECH2010,DBMS,38,External,2026-03-10
BTECH2010,OS,31,Internal,2026-02-05
BTECH2010,OS,35,Practical,2026-02-15
BTECH2010,OS,34,External,2026-03-10
BTECH2010,Networks,26,Internal,2026-02-05
BTECH2010,Networks,37,Practical,2026-02-15
BTECH2010,Networks,20,External,2026-03-10
BTECH2010,Data Structures,36,Internal,2026-02-05
BTECH2010,Data Structures,26,Practical,2026-02-15
BTECH2010,Data Structures,37,External,2026-03-10
BTECH2010,Software Engineering,24,Internal,2026-02-05
BTECH2010,Software Engineering,28,Practical,2026-02-15
BTECH2010,Software Engineering,32,External,2026-03-10
BTECH2011,Engineering Maths,34,Internal,2026-02-05
BTECH2011,Engineering Maths,40,Practical,2026-02-15
BTECH2011,Engineering Maths,32,External,2026-03-10
BTECH2011,DBMS,22,Internal,2026-02-05
BTECH2011,DBMS,33,Practical,2026-02-15
BTECH2011,DBMS,27,External,2026-03-10
BTECH2011,OS,23,Internal,2026-02-05
BTECH2011,OS,26,Practical,2026-02-15
BTECH2011,OS,33,External,2026-03-10
BTECH2011,Networks,29,Internal,2026-02-05
BTECH2011,Networks,26,Practical,2026-02-15
BTECH2011,Networks,28,External,2026-03-10
BTECH2011,Data Structures,24,Internal,2026-02-05
BTECH2011,Data Structures,21,Practical,2026-02-15
BTECH2011,Data Structures,30,External,2026-03-10
BTECH2011,Software Engineering,32,Internal,2026-02-05
BTECH2011,Software Engineering,23,Practical,2026-02-15
BTECH2011,Software Engineering,29,External,2026-03-10
BTECH2012,Engineering Maths,92,Internal,2026-02-05
BTECH2012,Engineering Maths,95,Practical,2026-02-15
BTECH2012,Engineering Maths,86,External,2026-03-10
BTECH2012,DBMS,89,Internal,2026-02-05
BTECH2012,DBMS,93,Practical,2026-02-15
BTECH2012,DBMS,85,External,2026-03-10
BTECH2012,OS,93,Internal,2026-02-05
BTECH2012,OS,90,Practical,2026-02-15
BTECH2012,OS,85,External,2026-03-10
BTECH2012,Networks,91,Internal,2026-02-05
BTECH2012,Networks,91,Practical,2026-02-15
BTECH2012,Networks,87,External,2026-03-10
BTECH2012,Data Structures,94,Internal,2026-02-05
BTECH2012,Data Structures,91,Practical,2026-02-15
BTECH2012,Data Structures,95,External,2026-03-10
BTECH2012,Software Engineering,93,Internal,2026-02-05
BTECH2012,Software Engineering,93,Practical,2026-02-15
BTECH2012,Software Engineering,92,External,2026-03-10
BTECH2013,Engineering Maths,66,Internal,2026-02-05
BTECH2013,Engineering Maths,65,Practical,2026-02-15
BTECH2013,Engineering Maths,79,External,2026-03-10
BTECH2013,DBMS,72,Internal,2026-02-05
BTECH2013,DBMS,69,Practical,2026-02-15
BTECH2013,DBMS,53,External,2026-03-10
BTECH2013,OS,53,Internal,2026-02-05
BTECH2013,OS,53,Practical,2026-02-15
BTECH2013,OS,66,External,2026-03-10
BTECH2013,Networks,70,Internal,2026-02-05
BTECH2013,Networks,59,Practical,2026-02-15
BTECH2013,Networks,55,External,2026-03-10
BTECH2013,Data Structures,54,Internal,2026-02-05
BTECH2013,Data Structures,76,Practical,2026-02-15
BTECH2013,Data Structures,80,External,2026-03-10
BTECH2013,Software Engineering,69,Internal,2026-02-05
BTECH2013,Software Engineering,76,Practical,2026-02-15
BTECH2013,Software Engineering,55,External,2026-03-10
BTECH2014,Engineering Maths,54,Internal,2026-02-05
BTECH2014,Engineering Maths,59,Practical,2026-02-15
BTECH2014,Engineering Maths,57,External,2026-03-10
BTECH2014,DBMS,51,Internal,2026-02-05
BTECH2014,DBMS,61,Practical,2026-02-15
BTECH2014,DBMS,79,External,2026-03-10
BTECH2014,OS,74,Internal,2026-02-05
BTECH2014,OS,52,Practical,2026-02-15
BTECH2014,OS,54,External,2026-03-10
BTECH2014,Networks,76,Internal,2026-02-05
BTECH2014,Networks,54,Practical,2026-02-15
BTECH2014,Networks,54,External,2026-03-10
BTECH2014,Data Structures,77,Internal,2026-02-05
BTECH2014,Data Structures,77,Practical,2026-02-15
BTECH2014,Data Structures,59,External,2026-03-10
BTECH2014,Software Engineering,77,Internal,2026-02-05
BTECH2014,Software Engineering,79,Practical,2026-02-15
BTECH2014,Software Engineering,71,External,2026-03-10
BTECH2015,Engineering Maths,58,Internal,2026-02-05
BTECH2015,Engineering Maths,60,Practical,2026-02-15
BTECH2015,Engineering Maths,71,External,2026-03-10
BTECH2015,DBMS,56,Internal,2026-02-05
BTECH2015,DBMS,78,Practical,2026-02-15
BTECH2015,DBMS,58,External,2026-03-10
BTECH2015,OS,80,Internal,2026-02-05
BTECH2015,OS,73,Practical,2026-02-15
BTECH2015,OS,79,External,2026-03-10
BTECH2015,Networks,76,Internal,2026-02-05
BTECH2015,Networks,76,Practical,2026-02-15
BTECH2015,Networks,61,External,2026-03-10
BTECH2015,Data Structures,53,Internal,2026-02-05
BTECH2015,Data Structures,62,Practical,2026-02-15
BTECH2015,Data Structures,60,External,2026-03-10
BTECH2015,Software Engineering,78,Internal,2026-02-05
BTECH2015,Software Engineering,58,Practical,2026-02-15
BTECH2015,Software Engineering,55,External,2026-03-10
MBA1001,Marketing,75,Internal,2026-02-05
MBA1001,Marketing,72,External,2026-03-10
MBA1001,Finance,73,Internal,2026-02-05
MBA1001,Finance,69,External,2026-03-10
MBA1001,HRM,78,Internal,2026-02-05
MBA1001,HRM,58,External,2026-03-10
MBA1001,Operations,75,Internal,2026-02-05
MBA1001,Operations,69,External,2026-03-10
MBA1001,Business Analytics,53,Internal,2026-02-05
MBA1001,Business Analytics,58,External,2026-03-10
MBA1001,Strategic Management,65,Internal,2026-02-05
MBA1001,Strategic Management,74,External,2026-03-10
MBA1002,Marketing,30,Internal,2026-02-05
MBA1002,Marketing,31,External,2026-03-10
MBA1002,Finance,26,Internal,2026-02-05
MBA1002,Finance,23,External,2026-03-10
MBA1002,HRM,31,Internal,2026-02-05
MBA1002,HRM,26,External,2026-03-10
MBA1002,Operations,39,Internal,2026-02-05
MBA1002,Operations,27,External,2026-03-10
MBA1002,Business Analytics,21,Internal,2026-02-05
MBA1002,Business Analytics,20,External,2026-03-10
MBA1002,Strategic Management,27,Internal,2026-02-05
MBA1002,Strategic Management,32,External,2026-03-10
MBA1003,Marketing,79,Internal,2026-02-05
MBA1003,Marketing,80,External,2026-03-10
MBA1003,Finance,62,Internal,2026-02-05
MBA1003,Finance,62,External,2026-03-10
MBA1003,HRM,77,Internal,2026-02-05
MBA1003,HRM,76,External,2026-03-10
MBA1003,Operations,72,Internal,2026-02-05
MBA1003,Operations,75,External,2026-03-10
MBA1003,Business Analytics,68,Internal,2026-02-05
MBA1003,Business Analytics,57,External,2026-03-10
MBA1003,Strategic Management,55,Internal,2026-02-05
MBA1003,Strategic Management,76,External,2026-03-10
MBA1004,Marketing,68,Internal,2026-02-05
MBA1004,Marketing,58,External,2026-03-10
MBA1004,Finance,67,Internal,2026-02-05
MBA1004,Finance,58,External,2026-03-10
MBA1004,HRM,58,Internal,2026-02-05
MBA1004,HRM,73,External,2026-03-10
MBA1004,Operations,51,Internal,2026-02-05
MBA1004,Operations,57,External,2026-03-10
MBA1004,Business Analytics,62,Internal,2026-02-05
MBA1004,Business Analytics,78,External,2026-03-10
MBA1004,Strategic Management,60,Internal,2026-02-05
MBA1004,Strategic Management,72,External,2026-03-10
MBA1005,Marketing,26,Internal,2026-02-05
MBA1005,Marketing,28,External,2026-03-10
MBA1005,Finance,25,Internal,2026-02-05
MBA1005,Finance,26,External,2026-03-10
MBA1005,HRM,31,Internal,2026-02-05
MBA1005,HRM,28,External,2026-03-10
MBA1005,Operations,27,Internal,2026-02-05
MBA1005,Operations,38,External,2026-03-10
MBA1005,Business Analytics,20,Internal,2026-02-05
MBA1005,Business Analytics,28,External,2026-03-10
MBA1005,Strategic Management,24,Internal,2026-02-05
MBA1005,Strategic Management,30,External,2026-03-10
MBA1006,Marketing,88,Internal,2026-02-05
MBA1006,Marketing,91,External,2026-03-10
MBA1006,Finance,93,Internal,2026-02-05
MBA1006,Finance,94,External,2026-03-10
MBA1006,HRM,85,Internal,2026-02-05
MBA1006,HRM,90,External,2026-03-10
MBA1006,Operations,92,Internal,2026-02-05
MBA1006,Operations,91,External,2026-03-10
MBA1006,Business Analytics,85,Internal,2026-02-05
MBA1006,Business Analytics,89,External,2026-03-10
MBA1006,Strategic Management,93,Internal,2026-02-05
MBA1006,Strategic Management,90,External,2026-03-10
MBA1007,Marketing,61,Internal,2026-02-05
MBA1007,Marketing,62,External,2026-03-10
MBA1007,Finance,71,Internal,2026-02-05
MBA1007,Finance,63,External,2026-03-10
MBA1007,HRM,80,Internal,2026-02-05
MBA1007,HRM,58,External,2026-03-10
MBA1007,Operations,65,Internal,2026-02-05
MBA1007,Operations,70,External,2026-03-10
MBA1007,Business Analytics,69,Internal,2026-02-05
MBA1007,Business Analytics,77,External,2026-03-10
MBA1007,Strategic Management,72,Internal,2026-02-05
MBA1007,Strategic Management,65,External,2026-03-10
MBA1008,Marketing,55,Internal,2026-02-05
MBA1008,Marketing,68,External,2026-03-10
MBA1008,Finance,75,Internal,2026-02-05
MBA1008,Finance,60,External,2026-03-10
MBA1008,HRM,69,Internal,2026-02-05
MBA1008,HRM,59,External,2026-03-10
MBA1008,Operations,52,Internal,2026-02-05
MBA1008,Operations,60,External,2026-03-10
MBA1008,Business Analytics,79,Internal,2026-02-05
MBA1008,Business Analytics,51,External,2026-03-10
MBA1008,Strategic Management,75,Internal,2026-02-05
MBA1008,Strategic Management,52,External,2026-03-10
MBA1009,Marketing,77,Internal,2026-02-05
MBA1009,Marketing,61,External,2026-03-10
MBA1009,Finance,71,Internal,2026-02-05
MBA1009,Finance,53,External,2026-03-10
MBA1009,HRM,67,Internal,2026-02-05
MBA1009,HRM,75,External,2026-03-10
MBA1009,Operations,73,Internal,2026-02-05
MBA1009,Operations,54,External,2026-03-10
MBA1009,Business Analytics,79,Internal,2026-02-05
MBA1009,Business Analytics,59,External,2026-03-10
MBA1009,Strategic Management,53,Internal,2026-02-05
MBA1009,Strategic Management,57,External,2026-03-10
MBA1010,Marketing,89,Internal,2026-02-05
MBA1010,Marketing,86,External,2026-03-10
MBA1010,Finance,90,Internal,2026-02-05
MBA1010,Finance,91,External,2026-03-10
MBA1010,HRM,87,Internal,2026-02-05
MBA1010,HRM,87,External,2026-03-10
MBA1010,Operations,95,Internal,2026-02-05
MBA1010,Operations,88,External,2026-03-10
MBA1010,Business Analytics,85,Internal,2026-02-05
MBA1010,Business Analytics,90,External,2026-03-10
MBA1010,Strategic Management,87,Internal,2026-02-05
MBA1010,Strategic Management,89,External,2026-03-10
MBA1011,Marketing,21,Internal,2026-02-05
MBA1011,Marketing,21,External,2026-03-10
MBA1011,Finance,30,Internal,2026-02-05
MBA1011,Finance,21,External,2026-03-10
MBA1011,HRM,38,Internal,2026-02-05
MBA1011,HRM,37,External,2026-03-10
MBA1011,Operations,23,Internal,2026-02-05
MBA1011,Operations,23,External,2026-03-10
MBA1011,Business Analytics,24,Internal,2026-02-05
MBA1011,Business Analytics,40,External,2026-03-10
MBA1011,Strategic Management,37,Internal,2026-02-05
MBA1011,Strategic Management,28,External,2026-03-10
MBA1012,Marketing,64,Internal,2026-02-05
MBA1012,Marketing,52,External,2026-03-10
MBA1012,Finance,79,Internal,2026-02-05
MBA1012,Finance,61,External,2026-03-10
MBA1012,HRM,76,Internal,2026-02-05
MBA1012,HRM,70,External,2026-03-10
MBA1012,Operations,76,Internal,2026-02-05
MBA1012,Operations,75,External,2026-03-10
MBA1012,Business Analytics,52,Internal,2026-02-05
MBA1012,Business Analytics,52,External,2026-03-10
MBA1012,Strategic Management,51,Internal,2026-02-05
MBA1012,Strategic Management,73,External,2026-03-10
MBA1013,Marketing,31,Internal,2026-02-05
MBA1013,Marketing,27,External,2026-03-10
MBA1013,Finance,29,Internal,2026-02-05
MBA1013,Finance,26,External,2026-03-10
MBA1013,HRM,24,Internal,2026-02-05
MBA1013,HRM,23,External,2026-03-10
MBA1013,Operations,22,Internal,2026-02-05
MBA1013,Operations,21,External,2026-03-10
MBA1013,Business Analytics,38,Internal,2026-02-05
MBA1013,Business Analytics,35,External,2026-03-10
MBA1013,Strategic Management,33,Internal,2026-02-05
MBA1013,Strategic Management,39,External,2026-03-10
MBA1014,Marketing,53,Internal,2026-02-05
MBA1014,Marketing,68,External,2026-03-10
MBA1014,Finance,68,Internal,2026-02-05
MBA1014,Finance,52,External,2026-03-10
MBA1014,HRM,66,Internal,2026-02-05
MBA1014,HRM,57,External,2026-03-10
MBA1014,Operations,60,Internal,2026-02-05
MBA1014,Operations,61,External,2026-03-10
MBA1014,Business Analytics,69,Internal,2026-02-05
MBA1014,Business Analytics,50,External,2026-03-10
MBA1014,Strategic Management,57,Internal,2026-02-05
MBA1014,Strategic Management,56,External,2026-03-10
MBA1015,Marketing,89,Internal,2026-02-05
MBA1015,Marketing,94,External,2026-03-10
MBA1015,Finance,93,Internal,2026-02-05
MBA1015,Finance,90,External,2026-03-10
MBA1015,HRM,86,Internal,2026-02-05
MBA1015,HRM,95,External,2026-03-10
MBA1015,Operations,89,Internal,2026-02-05
MBA1015,Operations,93,External,2026-03-10
MBA1015,Business Analytics,91,Internal,2026-02-05
MBA1015,Business Analytics,91,External,2026-03-10
MBA1015,Strategic Management,87,Internal,2026-02-05
MBA1015,Strategic Management,95,External,2026-03-10
MBA2001,Marketing,65,Internal,2026-02-05
MBA2001,Marketing,78,External,2026-03-10
MBA2001,Finance,50,Internal,2026-02-05
MBA2001,Finance,75,External,2026-03-10
MBA2001,HRM,72,Internal,2026-02-05
MBA2001,HRM,50,External,2026-03-10
MBA2001,Operations,66,Internal,2026-02-05
MBA2001,Operations,61,External,2026-03-10
MBA2001,Business Analytics,51,Internal,2026-02-05
MBA2001,Business Analytics,62,External,2026-03-10
MBA2001,Strategic Management,76,Internal,2026-02-05
MBA2001,Strategic Management,73,External,2026-03-10
MBA2002,Marketing,59,Internal,2026-02-05
MBA2002,Marketing,72,External,2026-03-10
MBA2002,Finance,50,Internal,2026-02-05
MBA2002,Finance,54,External,2026-03-10
MBA2002,HRM,61,Internal,2026-02-05
MBA2002,HRM,72,External,2026-03-10
MBA2002,Operations,61,Internal,2026-02-05
MBA2002,Operations,53,External,2026-03-10
MBA2002,Business Analytics,58,Internal,2026-02-05
MBA2002,Business Analytics,69,External,2026-03-10
MBA2002,Strategic Management,56,Internal,2026-02-05
MBA2002,Strategic Management,57,External,2026-03-10
MBA2003,Marketing,33,Internal,2026-02-05
MBA2003,Marketing,25,External,2026-03-10
MBA2003,Finance,37,Internal,2026-02-05
MBA2003,Finance,28,External,2026-03-10
MBA2003,HRM,30,Internal,2026-02-05
MBA2003,HRM,20,External,2026-03-10
MBA2003,Operations,25,Internal,2026-02-05
MBA2003,Operations,37,External,2026-03-10
MBA2003,Business Analytics,32,Internal,2026-02-05
MBA2003,Business Analytics,39,External,2026-03-10
MBA2003,Strategic Management,35,Internal,2026-02-05
MBA2003,Strategic Management,39,External,2026-03-10
MBA2004,Marketing,73,Internal,2026-02-05
MBA2004,Marketing,59,External,2026-03-10
MBA2004,Finance,75,Internal,2026-02-05
MBA2004,Finance,68,External,2026-03-10
MBA2004,HRM,66,Internal,2026-02-05
MBA2004,HRM,52,External,2026-03-10
MBA2004,Operations,64,Internal,2026-02-05
MBA2004,Operations,78,External,2026-03-10
MBA2004,Business Analytics,66,Internal,2026-02-05
MBA2004,Business Analytics,53,External,2026-03-10
MBA2004,Strategic Management,76,Internal,2026-02-05
MBA2004,Strategic Management,76,External,2026-03-10
MBA2005,Marketing,90,Internal,2026-02-05
MBA2005,Marketing,88,External,2026-03-10
MBA2005,Finance,95,Internal,2026-02-05
MBA2005,Finance,85,External,2026-03-10
MBA2005,HRM,90,Internal,2026-02-05
MBA2005,HRM,94,External,2026-03-10
MBA2005,Operations,87,Internal,2026-02-05
MBA2005,Operations,85,External,2026-03-10
MBA2005,Business Analytics,95,Internal,2026-02-05
MBA2005,Business Analytics,90,External,2026-03-10
MBA2005,Strategic Management,94,Internal,2026-02-05
MBA2005,Strategic Management,95,External,2026-03-10
MBA2006,Marketing,77,Internal,2026-02-05
MBA2006,Marketing,74,External,2026-03-10
MBA2006,Finance,57,Internal,2026-02-05
MBA2006,Finance,63,External,2026-03-10
MBA2006,HRM,68,Internal,2026-02-05
MBA2006,HRM,67,External,2026-03-10
MBA2006,Operations,58,Internal,2026-02-05
MBA2006,Operations,71,External,2026-03-10
MBA2006,Business Analytics,58,Internal,2026-02-05
MBA2006,Business Analytics,63,External,2026-03-10
MBA2006,Strategic Management,59,Internal,2026-02-05
MBA2006,Strategic Management,71,External,2026-03-10
MBA2007,Marketing,63,Internal,2026-02-05
MBA2007,Marketing,56,External,2026-03-10
MBA2007,Finance,64,Internal,2026-02-05
MBA2007,Finance,77,External,2026-03-10
MBA2007,HRM,66,Internal,2026-02-05
MBA2007,HRM,50,External,2026-03-10
MBA2007,Operations,67,Internal,2026-02-05
MBA2007,Operations,52,External,2026-03-10
MBA2007,Business Analytics,56,Internal,2026-02-05
MBA2007,Business Analytics,50,External,2026-03-10
MBA2007,Strategic Management,77,Internal,2026-02-05
MBA2007,Strategic Management,73,External,2026-03-10
MBA2008,Marketing,58,Internal,2026-02-05
MBA2008,Marketing,71,External,2026-03-10
MBA2008,Finance,53,Internal,2026-02-05
MBA2008,Finance,63,External,2026-03-10
MBA2008,HRM,60,Internal,2026-02-05
MBA2008,HRM,76,External,2026-03-10
MBA2008,Operations,56,Internal,2026-02-05
MBA2008,Operations,76,External,2026-03-10
MBA2008,Business Analytics,51,Internal,2026-02-05
MBA2008,Business Analytics,55,External,2026-03-10
MBA2008,Strategic Management,67,Internal,2026-02-05
MBA2008,Strategic Management,65,External,2026-03-10
MBA2009,Marketing,85,Internal,2026-02-05
MBA2009,Marketing,95,External,2026-03-10
MBA2009,Finance,88,Internal,2026-02-05
MBA2009,Finance,93,External,2026-03-10
MBA2009,HRM,87,Internal,2026-02-05
MBA2009,HRM,93,External,2026-03-10
MBA2009,Operations,92,Internal,2026-02-05
MBA2009,Operations,94,External,2026-03-10
MBA2009,Business Analytics,85,Internal,2026-02-05
MBA2009,Business Analytics,90,External,2026-03-10
MBA2009,Strategic Management,88,Internal,2026-02-05
MBA2009,Strategic Management,88,External,2026-03-10
MBA2010,Marketing,34,Internal,2026-02-05
MBA2010,Marketing,38,External,2026-03-10
MBA2010,Finance,34,Internal,2026-02-05
MBA2010,Finance,39,External,2026-03-10
MBA2010,HRM,23,Internal,2026-02-05
MBA2010,HRM,29,External,2026-03-10
MBA2010,Operations,22,Internal,2026-02-05
MBA2010,Operations,30,External,2026-03-10
MBA2010,Business Analytics,32,Internal,2026-02-05
MBA2010,Business Analytics,39,External,2026-03-10
MBA2010,Strategic Management,39,Internal,2026-02-05
MBA2010,Strategic Management,29,External,2026-03-10
MBA2011,Marketing,79,Internal,2026-02-05
MBA2011,Marketing,53,External,2026-03-10
MBA2011,Finance,70,Internal,2026-02-05
MBA2011,Finance,62,External,2026-03-10
MBA2011,HRM,67,Internal,2026-02-05
MBA2011,HRM,67,External,2026-03-10
MBA2011,Operations,77,Internal,2026-02-05
MBA2011,Operations,72,External,2026-03-10
MBA2011,Business Analytics,57,Internal,2026-02-05
MBA2011,Business Analytics,51,External,2026-03-10
MBA2011,Strategic Management,62,Internal,2026-02-05
MBA2011,Strategic Management,74,External,2026-03-10
MBA2012,Marketing,51,Internal,2026-02-05
MBA2012,Marketing,51,External,2026-03-10
MBA2012,Finance,76,Internal,2026-02-05
MBA2012,Finance,57,External,2026-03-10
MBA2012,HRM,74,Internal,2026-02-05
MBA2012,HRM,53,External,2026-03-10
MBA2012,Operations,70,Internal,2026-02-05
MBA2012,Operations,65,External,2026-03-10
MBA2012,Business Analytics,58,Internal,2026-02-05
MBA2012,Business Analytics,67,External,2026-03-10
MBA2012,Strategic Management,60,Internal,2026-02-05
MBA2012,Strategic Management,57,External,2026-03-10
MBA2013,Marketing,30,Internal,2026-02-05
MBA2013,Marketing,31,External,2026-03-10
MBA2013,Finance,21,Internal,2026-02-05
MBA2013,Finance,35,External,2026-03-10
MBA2013,HRM,29,Internal,2026-02-05
MBA2013,HRM,38,External,2026-03-10
MBA2013,Operations,24,Internal,2026-02-05
MBA2013,Operations,26,External,2026-03-10
MBA2013,Business Analytics,38,Internal,2026-02-05
MBA2013,Business Analytics,32,External,2026-03-10
MBA2013,Strategic Management,22,Internal,2026-02-05
MBA2013,Strategic Management,22,External,2026-03-10
MBA2014,Marketing,68,Internal,2026-02-05
MBA2014,Marketing,62,External,2026-03-10
MBA2014,Finance,79,Internal,2026-02-05
MBA2014,Finance,56,External,2026-03-10
MBA2014,HRM,50,Internal,2026-02-05
MBA2014,HRM,80,External,2026-03-10
MBA2014,Operations,75,Internal,2026-02-05
MBA2014,Operations,69,External,2026-03-10
MBA2014,Business Analytics,73,Internal,2026-02-05
MBA2014,Business Analytics,77,External,2026-03-10
MBA2014,Strategic Management,57,Internal,2026-02-05
MBA2014,Strategic Management,59,External,2026-03-10
MBA2015,Marketing,63,Internal,2026-02-05
MBA2015,Marketing,73,External,2026-03-10
MBA2015,Finance,50,Internal,2026-02-05
MBA2015,Finance,53,External,2026-03-10
MBA2015,HRM,54,Internal,2026-02-05
MBA2015,HRM,69,External,2026-03-10
MBA2015,Operations,59,Internal,2026-02-05
MBA2015,Operations,77,External,2026-03-10
MBA2015,Business Analytics,50,Internal,2026-02-05
MBA2015,Business Analytics,57,External,2026-03-10
MBA2015,Strategic Management,79,Internal,2026-02-05
MBA2015,Strategic Management,68,External,2026-03-10
